,filename,solvable,time_elapsed,max_depth,backtracks,pure_literals,solved_literals,n_steps,pos_lit_chosen,neg_lit_chosen
0,9by9_cnf/9by9_1.cnf,True,0.15167179999843938,17,12,0,965,30,0,17
1,9by9_cnf/9by9_2.cnf,True,0.0886434000058216,0,0,0,729,1,0,0
2,9by9_cnf/9by9_3.cnf,True,0.3543662000010954,57,29,0,1831,87,0,57
3,9by9_cnf/9by9_4.cnf,True,0.10813150000467431,0,0,0,729,1,0,0
4,9by9_cnf/9by9_5.cnf,True,0.11774899999727495,0,0,0,729,1,0,0
5,9by9_cnf/9by9_6.cnf,True,0.369432899999083,45,37,0,2235,86,0,48
6,9by9_cnf/9by9_7.cnf,True,0.10335109999869019,0,0,0,729,1,0,0
7,9by9_cnf/9by9_8.cnf,True,0.09261659999901894,0,0,0,729,1,0,0
8,9by9_cnf/9by9_9.cnf,True,0.09446759999991627,0,0,0,729,1,0,0
9,9by9_cnf/9by9_10.cnf,True,0.29013339999801246,18,7,0,1173,32,1,23
10,9by9_cnf/9by9_11.cnf,True,6.248858400002064,89,1214,0,41500,2440,0,1225
11,9by9_cnf/9by9_12.cnf,True,0.09810770000331104,0,0,0,729,1,0,0
12,9by9_cnf/9by9_13.cnf,True,0.17294789999868954,27,12,0,1067,40,0,27
13,9by9_cnf/9by9_14.cnf,True,0.26290180000069086,30,20,0,1394,56,0,35
14,9by9_cnf/9by9_15.cnf,True,0.13821009999810485,11,0,0,729,12,0,11
15,9by9_cnf/9by9_16.cnf,True,0.5599414999960572,70,67,0,2832,150,0,82
16,9by9_cnf/9by9_17.cnf,True,0.10569250000116881,0,0,0,729,1,0,0
17,9by9_cnf/9by9_18.cnf,True,0.11013140000432031,0,0,0,729,1,0,0
18,9by9_cnf/9by9_19.cnf,True,0.09892300000501564,0,0,0,729,1,0,0
19,9by9_cnf/9by9_20.cnf,True,0.08599780000076862,0,0,0,729,1,0,0
20,9by9_cnf/9by9_21.cnf,True,0.11339759999827947,0,0,0,729,1,0,0
21,9by9_cnf/9by9_22.cnf,True,0.1668063000033726,21,17,0,1116,39,0,21
22,9by9_cnf/9by9_23.cnf,True,0.9039664999945671,58,154,0,6558,344,0,189
23,9by9_cnf/9by9_24.cnf,True,0.10790350000024773,0,0,0,729,1,0,0
24,9by9_cnf/9by9_25.cnf,True,0.11900759999844013,5,0,0,729,6,0,5
25,9by9_cnf/9by9_26.cnf,True,0.7389756000047782,49,184,0,6634,375,0,190
26,9by9_cnf/9by9_27.cnf,True,0.20217309999861754,31,21,0,1378,53,0,31
27,9by9_cnf/9by9_28.cnf,True,1.9517832000055932,99,258,0,9272,554,0,295
28,9by9_cnf/9by9_29.cnf,True,0.0917152999973041,0,0,0,729,1,0,0
29,9by9_cnf/9by9_30.cnf,True,0.09545269999944139,0,0,0,729,1,0,0
30,9by9_cnf/9by9_31.cnf,True,0.15923109999857843,22,14,0,1014,37,1,21
31,9by9_cnf/9by9_32.cnf,True,0.1061413999996148,0,0,0,729,1,0,0
32,9by9_cnf/9by9_33.cnf,True,0.14749969999684254,21,16,0,1288,38,0,21
33,9by9_cnf/9by9_34.cnf,True,0.09932699999626493,0,0,0,729,1,0,0
34,9by9_cnf/9by9_35.cnf,True,2.303600599996571,75,386,0,13314,775,0,388
35,9by9_cnf/9by9_36.cnf,True,3.781174199997622,88,546,0,22638,1113,0,566
36,9by9_cnf/9by9_37.cnf,True,0.1156014000007417,7,4,0,794,12,0,7
37,9by9_cnf/9by9_38.cnf,True,0.3527329999997164,41,84,0,2756,176,0,91
38,9by9_cnf/9by9_39.cnf,True,0.09284000000479864,0,0,0,729,1,0,0
39,9by9_cnf/9by9_40.cnf,True,0.2120091000033426,31,30,0,1665,62,0,31
40,9by9_cnf/9by9_41.cnf,True,12.486740100001043,94,2429,0,80713,4882,0,2452
41,9by9_cnf/9by9_42.cnf,True,0.12112930000148481,0,0,0,729,1,0,0
42,9by9_cnf/9by9_43.cnf,True,0.08570569999574218,0,0,0,729,1,0,0
43,9by9_cnf/9by9_44.cnf,True,0.22052550000080373,37,27,0,1483,65,0,37
44,9by9_cnf/9by9_45.cnf,True,0.5465297000046121,49,66,0,3035,169,0,102
45,9by9_cnf/9by9_46.cnf,True,1.497212499998568,72,228,0,6759,475,0,246
46,9by9_cnf/9by9_47.cnf,True,0.09820420000323793,0,0,0,729,1,0,0
47,9by9_cnf/9by9_48.cnf,True,0.09779210000124294,0,0,0,729,1,0,0
48,9by9_cnf/9by9_49.cnf,True,3.3625165000048582,73,644,0,22132,1308,0,663
49,9by9_cnf/9by9_50.cnf,True,0.876892799999041,65,127,0,3768,271,0,143
50,9by9_cnf/9by9_51.cnf,True,0.0986484000022756,0,0,0,729,1,0,0
51,9by9_cnf/9by9_52.cnf,True,0.12903150000056485,0,0,0,729,1,0,0
52,9by9_cnf/9by9_53.cnf,True,0.26513429999613436,32,29,0,1915,62,0,32
53,9by9_cnf/9by9_54.cnf,True,0.11528430000180379,0,0,0,729,1,0,0
54,9by9_cnf/9by9_55.cnf,True,0.7005198000042583,69,66,0,2799,147,0,80
55,9by9_cnf/9by9_56.cnf,True,1.3421128999980283,53,179,0,6444,374,0,194
56,9by9_cnf/9by9_57.cnf,True,0.1281158999991021,0,0,0,729,1,0,0
57,9by9_cnf/9by9_58.cnf,True,0.11947630000213394,0,0,0,729,1,0,0
58,9by9_cnf/9by9_59.cnf,True,0.6586057000022265,73,60,0,2184,169,0,108
59,9by9_cnf/9by9_60.cnf,True,1.430056400000467,90,183,0,6342,385,0,201
60,9by9_cnf/9by9_61.cnf,True,5.124866400001338,79,1009,0,34167,2020,0,1010
61,9by9_cnf/9by9_62.cnf,True,0.10669269999925746,0,0,0,729,1,0,0
62,9by9_cnf/9by9_63.cnf,True,0.13471240000217222,18,10,0,970,29,0,18
63,9by9_cnf/9by9_64.cnf,True,0.1082142000013846,0,0,0,729,1,0,0
64,9by9_cnf/9by9_65.cnf,True,0.1040625000023283,0,0,0,729,1,0,0
65,9by9_cnf/9by9_66.cnf,True,0.35411739999835845,55,34,0,1887,90,0,55
66,9by9_cnf/9by9_67.cnf,True,0.09337830000004033,0,0,0,729,1,0,0
67,9by9_cnf/9by9_68.cnf,True,0.7596149999953923,54,135,0,5049,306,0,170
68,9by9_cnf/9by9_69.cnf,True,0.08598289999645203,0,0,0,729,1,0,0
69,9by9_cnf/9by9_70.cnf,True,0.09746100000484148,0,0,0,729,1,0,0
70,9by9_cnf/9by9_71.cnf,True,1.9894757000001846,89,335,0,11250,700,0,364
71,9by9_cnf/9by9_72.cnf,True,0.2507785999987391,45,24,0,1447,70,0,45
72,9by9_cnf/9by9_73.cnf,True,0.3043404999989434,43,32,0,1669,86,0,53
73,9by9_cnf/9by9_74.cnf,True,3.0145733000026667,65,653,0,22841,1323,0,669
74,9by9_cnf/9by9_75.cnf,True,0.09988159999920754,0,0,0,729,1,0,0
75,9by9_cnf/9by9_76.cnf,True,0.08709040000394452,0,0,0,729,1,0,0
76,9by9_cnf/9by9_77.cnf,True,0.09274269999878015,0,0,0,729,1,0,0
77,9by9_cnf/9by9_78.cnf,True,0.09170860000449466,0,0,0,729,1,0,0
78,9by9_cnf/9by9_79.cnf,True,0.5653629000007641,64,100,0,3397,212,0,111
79,9by9_cnf/9by9_80.cnf,True,0.130907799997658,25,10,0,992,36,1,24
80,9by9_cnf/9by9_81.cnf,True,1.0755546000000322,69,153,0,6845,331,0,177
81,9by9_cnf/9by9_82.cnf,True,0.8209866999968654,68,153,0,5344,315,0,161
82,9by9_cnf/9by9_83.cnf,True,0.08819659999426221,0,0,0,729,1,0,0
83,9by9_cnf/9by9_84.cnf,True,0.44252050000068266,65,56,0,2329,151,0,94
84,9by9_cnf/9by9_85.cnf,True,0.09405689999402966,0,0,0,729,1,0,0
85,9by9_cnf/9by9_86.cnf,True,0.1861575000002631,20,15,0,1097,36,0,20
86,9by9_cnf/9by9_87.cnf,True,0.12176099999487633,13,15,0,1077,31,2,13
87,9by9_cnf/9by9_88.cnf,True,0.09562590000132332,0,0,0,729,1,0,0
88,9by9_cnf/9by9_89.cnf,True,0.11345240000082413,9,1,0,773,11,0,9
89,9by9_cnf/9by9_90.cnf,True,0.19342350000079023,33,11,0,968,45,0,33
90,9by9_cnf/9by9_91.cnf,True,0.3286236000058125,44,65,0,2890,149,0,83
91,9by9_cnf/9by9_92.cnf,True,0.32558509999944363,52,44,0,2242,97,0,52
92,9by9_cnf/9by9_93.cnf,True,0.5862395000003744,77,67,0,2745,145,0,77
93,9by9_cnf/9by9_94.cnf,True,0.09656269999686629,0,0,0,729,1,0,0
94,9by9_cnf/9by9_95.cnf,True,0.10377990000415593,0,0,0,729,1,0,0
95,9by9_cnf/9by9_96.cnf,True,0.7271385999993072,46,128,0,5174,261,0,132
96,9by9_cnf/9by9_97.cnf,True,0.12358500000118511,19,3,0,848,23,0,19
97,9by9_cnf/9by9_98.cnf,True,0.28029570000217063,48,27,0,1618,76,0,48
98,9by9_cnf/9by9_99.cnf,True,0.3554756000012276,38,24,0,1485,63,0,38
99,9by9_cnf/9by9_100.cnf,True,0.09943690000363858,0,0,0,729,1,0,0
100,9by9_cnf/9by9_101.cnf,True,0.09216829999786569,0,0,0,729,1,0,0
101,9by9_cnf/9by9_102.cnf,True,0.09965240000019548,0,0,0,729,1,0,0
102,9by9_cnf/9by9_103.cnf,True,0.34085619999677874,51,35,0,1770,87,0,51
103,9by9_cnf/9by9_104.cnf,True,0.28378770000563236,40,29,0,1506,70,0,40
104,9by9_cnf/9by9_105.cnf,True,0.09715420000429731,0,0,0,729,1,0,0
105,9by9_cnf/9by9_106.cnf,True,0.10230299999966519,0,0,0,729,1,0,0
106,9by9_cnf/9by9_107.cnf,True,0.09289069999795174,0,0,0,729,1,0,0
107,9by9_cnf/9by9_108.cnf,True,3.7350927000006777,78,822,0,25191,1662,0,839
108,9by9_cnf/9by9_109.cnf,True,5.258028299998841,86,986,0,31683,1992,0,1005
109,9by9_cnf/9by9_110.cnf,True,0.10744030000205385,0,0,0,729,1,0,0
110,9by9_cnf/9by9_111.cnf,True,0.13658880000002682,24,9,0,888,34,0,24
111,9by9_cnf/9by9_112.cnf,True,0.10265140000410611,0,0,0,729,1,0,0
112,9by9_cnf/9by9_113.cnf,True,0.6993693999975221,63,114,0,4648,236,0,121
113,9by9_cnf/9by9_114.cnf,True,0.1147186000016518,0,0,0,729,1,0,0
114,9by9_cnf/9by9_115.cnf,True,0.675683300003584,57,140,0,4505,284,0,143
115,9by9_cnf/9by9_116.cnf,True,0.1347604999973555,11,4,0,816,16,0,11
116,9by9_cnf/9by9_117.cnf,True,0.14871229999698699,18,16,0,1097,35,1,17
117,9by9_cnf/9by9_118.cnf,True,0.09350550000090152,0,0,0,729,1,0,0
118,9by9_cnf/9by9_119.cnf,True,0.16619440000067698,20,18,0,1405,39,0,20
119,9by9_cnf/9by9_120.cnf,True,0.21205929999996442,32,27,0,1475,60,0,32
120,9by9_cnf/9by9_121.cnf,True,0.19943269999930635,32,30,0,1711,63,0,32
121,9by9_cnf/9by9_122.cnf,True,0.6259181999994325,69,80,0,3958,186,0,105
122,9by9_cnf/9by9_123.cnf,True,2.8800917000044137,79,505,0,14368,1039,0,533
123,9by9_cnf/9by9_124.cnf,True,0.1509382000003825,26,17,0,1177,44,1,25
124,9by9_cnf/9by9_125.cnf,True,0.6642818999971496,67,97,0,4047,206,0,108
125,9by9_cnf/9by9_126.cnf,True,1.4938193999987561,87,209,0,8858,447,0,237
126,9by9_cnf/9by9_127.cnf,True,0.0882292000023881,0,0,0,729,1,0,0
127,9by9_cnf/9by9_128.cnf,True,0.4425602999981493,52,67,0,2961,151,0,83
128,9by9_cnf/9by9_129.cnf,True,0.2422789999982342,33,29,0,2066,68,0,38
129,9by9_cnf/9by9_130.cnf,True,1.051572500000475,67,206,0,8064,421,0,214
130,9by9_cnf/9by9_131.cnf,True,0.1850006000022404,25,22,0,1220,54,1,30
131,9by9_cnf/9by9_132.cnf,True,0.23787330000050133,24,38,0,2312,77,0,38
132,9by9_cnf/9by9_133.cnf,True,0.1532493999984581,24,12,0,1107,37,0,24
133,9by9_cnf/9by9_134.cnf,True,0.7628134999977192,51,125,0,4865,256,0,130
134,9by9_cnf/9by9_135.cnf,True,0.09400809999351623,0,0,0,729,1,0,0
135,9by9_cnf/9by9_136.cnf,True,0.08494629999768222,0,0,0,729,1,0,0
136,9by9_cnf/9by9_137.cnf,True,0.20971290000306908,32,26,0,1463,61,1,33
137,9by9_cnf/9by9_138.cnf,True,0.10983320000377716,0,0,0,729,1,0,0
138,9by9_cnf/9by9_139.cnf,True,0.1947135000009439,31,22,0,1396,54,0,31
139,9by9_cnf/9by9_140.cnf,True,0.29168310000386555,39,47,0,2084,111,0,63
140,9by9_cnf/9by9_141.cnf,True,0.21176939999713795,27,29,0,1613,61,0,31
141,9by9_cnf/9by9_142.cnf,True,1.844545100000687,83,300,0,9878,633,0,332
142,9by9_cnf/9by9_143.cnf,True,0.17256569999881322,25,2,0,763,28,0,25
143,9by9_cnf/9by9_144.cnf,True,0.2843101000034949,40,49,0,2091,106,0,56
144,9by9_cnf/9by9_145.cnf,True,0.10312290000001667,0,0,0,729,1,0,0
145,9by9_cnf/9by9_146.cnf,True,0.7626371000005747,57,132,0,5513,273,1,139
146,9by9_cnf/9by9_147.cnf,True,0.10838680000597378,0,0,0,729,1,0,0
147,9by9_cnf/9by9_148.cnf,True,2.4718617999969865,71,509,0,16665,1029,0,519
148,9by9_cnf/9by9_149.cnf,True,0.7789902000004076,62,134,0,5234,282,0,147
149,9by9_cnf/9by9_150.cnf,True,0.09888479999790434,0,0,0,729,1,0,0
150,9by9_cnf/9by9_151.cnf,True,0.10024069999781204,0,0,0,729,1,0,0
151,9by9_cnf/9by9_152.cnf,True,0.3312335000009625,55,40,0,2039,96,0,55
152,9by9_cnf/9by9_153.cnf,True,0.22837269999581622,41,18,0,1255,60,0,41
153,9by9_cnf/9by9_154.cnf,True,0.34131519999937154,30,8,0,1145,45,0,36
154,9by9_cnf/9by9_155.cnf,True,0.09647199999744771,6,3,0,788,10,1,5
155,9by9_cnf/9by9_156.cnf,True,0.10195859999657841,0,0,0,729,1,0,0
156,9by9_cnf/9by9_157.cnf,True,0.8005517000055988,55,124,0,5122,256,0,131
157,9by9_cnf/9by9_158.cnf,True,0.7332778000054532,74,117,0,5347,237,0,119
158,9by9_cnf/9by9_159.cnf,True,0.5816362000041408,50,103,0,4233,211,0,107
159,9by9_cnf/9by9_160.cnf,True,0.10333890000038082,0,0,0,729,1,0,0
160,9by9_cnf/9by9_161.cnf,True,0.10694779999903403,0,0,0,729,1,0,0
161,9by9_cnf/9by9_162.cnf,True,0.09625439999945229,0,0,0,729,1,0,0
162,9by9_cnf/9by9_163.cnf,True,0.09100600000238046,0,0,0,729,1,0,0
163,9by9_cnf/9by9_164.cnf,True,2.613672300001781,67,554,0,17046,1130,0,575
164,9by9_cnf/9by9_165.cnf,True,0.08675070000026608,0,0,0,729,1,0,0
165,9by9_cnf/9by9_166.cnf,True,0.37726719999773195,52,57,0,2477,126,0,68
166,9by9_cnf/9by9_167.cnf,True,0.46084249999694293,58,53,0,2633,112,0,58
167,9by9_cnf/9by9_168.cnf,True,0.19900800000323215,28,28,0,1453,57,0,28
168,9by9_cnf/9by9_169.cnf,True,2.8329232999967644,84,534,0,20071,1084,0,549
169,9by9_cnf/9by9_170.cnf,True,0.10621790000004694,0,0,0,729,1,0,0
170,9by9_cnf/9by9_171.cnf,True,0.11461299999791663,0,0,0,729,1,0,0
171,9by9_cnf/9by9_172.cnf,True,0.8805580999978702,62,162,0,6288,335,0,172
172,9by9_cnf/9by9_173.cnf,True,0.3292689000008977,50,37,0,2141,94,0,56
173,9by9_cnf/9by9_174.cnf,True,0.09437159999652067,0,0,0,729,1,0,0
174,9by9_cnf/9by9_175.cnf,True,0.8301179000045522,58,165,0,6305,341,1,174
175,9by9_cnf/9by9_176.cnf,True,0.1806198000049335,27,30,0,1526,63,1,31
176,9by9_cnf/9by9_177.cnf,True,0.13418219999584835,20,11,0,1005,32,0,20
177,9by9_cnf/9by9_178.cnf,True,0.4635197999959928,57,93,0,3351,196,0,102
178,9by9_cnf/9by9_179.cnf,True,0.768445800000336,69,105,0,4155,223,0,117
179,9by9_cnf/9by9_180.cnf,True,0.08154699999431614,0,0,0,729,1,0,0
180,9by9_cnf/9by9_181.cnf,True,0.20114879999891855,28,13,0,993,42,0,28
181,9by9_cnf/9by9_182.cnf,True,3.2712704000005033,92,619,0,21463,1249,0,629
182,9by9_cnf/9by9_183.cnf,True,0.10516899999493035,0,0,0,729,1,0,0
183,9by9_cnf/9by9_184.cnf,True,0.1215474999989965,0,0,0,729,1,0,0
184,9by9_cnf/9by9_185.cnf,True,0.1110091000009561,0,0,0,729,1,0,0
185,9by9_cnf/9by9_186.cnf,True,0.4228320000038366,55,53,0,2185,143,0,89
186,9by9_cnf/9by9_187.cnf,True,0.09143459999904735,0,0,0,729,1,0,0
187,9by9_cnf/9by9_188.cnf,True,0.1784062000006088,28,30,0,1414,66,1,34
188,9by9_cnf/9by9_189.cnf,True,0.10433390000252984,0,0,0,729,1,0,0
189,9by9_cnf/9by9_190.cnf,True,0.43417529999715043,50,91,0,3509,184,0,92
190,9by9_cnf/9by9_191.cnf,True,8.306529800000135,84,1687,0,54405,3398,0,1710
191,9by9_cnf/9by9_192.cnf,True,0.19812319999618921,23,38,0,1601,83,1,43
192,9by9_cnf/9by9_193.cnf,True,0.18520859999989625,26,18,0,1163,56,0,37
193,9by9_cnf/9by9_194.cnf,True,0.17651549999573035,28,11,0,966,40,0,28
194,9by9_cnf/9by9_195.cnf,True,0.2590160999970976,23,34,0,1990,76,0,41
195,9by9_cnf/9by9_196.cnf,True,0.09592709999560611,0,0,0,729,1,0,0
196,9by9_cnf/9by9_197.cnf,True,0.11586639999586623,13,6,0,936,20,0,13
197,9by9_cnf/9by9_198.cnf,True,1.018310699997528,69,190,0,6699,404,0,213
198,9by9_cnf/9by9_199.cnf,True,1.5092788999972981,74,323,0,9942,662,0,338
199,9by9_cnf/9by9_200.cnf,True,2.153106800004025,61,371,0,17226,748,0,376
200,9by9_cnf/9by9_201.cnf,True,0.0867872000017087,0,0,0,729,1,0,0
201,9by9_cnf/9by9_202.cnf,True,0.09552799999801209,0,0,0,729,1,0,0
202,9by9_cnf/9by9_203.cnf,True,0.32307030000083614,50,32,0,1598,83,0,50
203,9by9_cnf/9by9_204.cnf,True,0.09777200000098674,0,0,0,729,1,0,0
204,9by9_cnf/9by9_205.cnf,True,0.12884679999842774,10,7,0,882,18,0,10
205,9by9_cnf/9by9_206.cnf,True,0.3846519999933662,48,76,0,2490,163,0,86
206,9by9_cnf/9by9_207.cnf,True,0.22224940000160132,38,21,0,1393,60,0,38
207,9by9_cnf/9by9_208.cnf,True,0.7580778999981703,65,100,0,4184,227,0,126
208,9by9_cnf/9by9_209.cnf,True,0.1720828999968944,24,18,0,1296,43,0,24
209,9by9_cnf/9by9_210.cnf,True,0.18057129999942845,25,29,0,1548,63,1,32
210,9by9_cnf/9by9_211.cnf,True,0.09006640000006882,0,0,0,729,1,0,0
211,9by9_cnf/9by9_212.cnf,True,0.8475516999969841,65,135,0,5908,291,0,155
212,9by9_cnf/9by9_213.cnf,True,0.1440779999975348,20,25,0,1166,61,0,35
213,9by9_cnf/9by9_214.cnf,True,0.28371220000553876,39,50,0,2437,104,0,53
214,9by9_cnf/9by9_215.cnf,True,0.4396515999978874,39,111,0,4072,224,0,112
215,9by9_cnf/9by9_216.cnf,True,3.0215428000010434,84,625,0,19366,1265,0,639
216,9by9_cnf/9by9_217.cnf,True,0.3522417999993195,38,71,0,2828,158,0,86
217,9by9_cnf/9by9_218.cnf,True,0.08714640000107465,0,0,0,729,1,0,0
218,9by9_cnf/9by9_219.cnf,True,0.08103899999696296,0,0,0,729,1,0,0
219,9by9_cnf/9by9_220.cnf,True,0.39964340000005905,45,90,0,3127,198,0,107
220,9by9_cnf/9by9_221.cnf,True,2.221836999997322,71,430,0,15324,878,0,447
221,9by9_cnf/9by9_222.cnf,True,0.09684689999994589,0,0,0,729,1,0,0
222,9by9_cnf/9by9_223.cnf,True,0.1054186999972444,0,0,0,729,1,0,0
223,9by9_cnf/9by9_224.cnf,True,0.12869559999671765,19,11,0,911,31,0,19
224,9by9_cnf/9by9_225.cnf,True,0.08424470000318252,0,0,0,729,1,0,0
225,9by9_cnf/9by9_226.cnf,True,0.1459889999969164,25,13,0,1113,39,1,24
226,9by9_cnf/9by9_227.cnf,True,0.2180484000055003,38,27,0,1576,66,0,38
227,9by9_cnf/9by9_228.cnf,True,0.09356079999997746,0,0,0,729,1,0,0
228,9by9_cnf/9by9_229.cnf,True,0.32645420000335434,42,60,0,2665,133,0,72
229,9by9_cnf/9by9_230.cnf,True,0.19506230000115465,35,25,0,1571,61,0,35
230,9by9_cnf/9by9_231.cnf,True,0.14177009999548318,16,11,0,1042,35,0,23
231,9by9_cnf/9by9_232.cnf,True,0.21732380000321427,46,24,0,1342,71,0,46
232,9by9_cnf/9by9_233.cnf,True,0.09217689999786671,0,0,0,729,1,0,0
233,9by9_cnf/9by9_234.cnf,True,0.2953045000031125,44,33,0,1759,92,0,58
234,9by9_cnf/9by9_235.cnf,True,0.5387805999998818,73,69,0,2791,167,0,97
235,9by9_cnf/9by9_236.cnf,True,0.08300429999508196,0,0,0,729,1,0,0
236,9by9_cnf/9by9_237.cnf,True,0.8364246000055573,64,158,0,5482,323,0,164
237,9by9_cnf/9by9_238.cnf,True,0.07793559999845456,0,0,0,729,1,0,0
238,9by9_cnf/9by9_239.cnf,True,1.2758543000018108,70,221,0,9005,463,0,241
239,9by9_cnf/9by9_240.cnf,True,0.12320809999800986,16,8,0,969,25,1,15
240,9by9_cnf/9by9_241.cnf,True,0.09129839999513933,0,0,0,729,1,0,0
241,9by9_cnf/9by9_242.cnf,True,0.09849970000504982,0,0,0,729,1,0,0
242,9by9_cnf/9by9_243.cnf,True,0.29156130000046687,47,46,0,2154,98,0,51
243,9by9_cnf/9by9_244.cnf,True,0.39032939999742666,59,68,0,3162,147,0,78
244,9by9_cnf/9by9_245.cnf,True,1.5314894000039203,82,296,0,8616,606,0,309
245,9by9_cnf/9by9_246.cnf,True,0.6383551999970223,88,59,0,2769,148,0,88
246,9by9_cnf/9by9_247.cnf,True,0.16131079999468056,29,2,0,769,32,0,29
247,9by9_cnf/9by9_248.cnf,True,0.0940480999997817,0,0,0,729,1,0,0
248,9by9_cnf/9by9_249.cnf,True,0.10379449999891222,0,0,0,729,1,0,0
249,9by9_cnf/9by9_250.cnf,True,0.5559806000019307,48,76,0,3687,165,0,88
250,9by9_cnf/9by9_251.cnf,True,0.18746720000490313,30,18,0,1227,49,0,30
251,9by9_cnf/9by9_252.cnf,True,1.2103303000039887,82,222,0,8346,467,0,244
252,9by9_cnf/9by9_253.cnf,True,0.0929452999989735,0,0,0,729,1,0,0
253,9by9_cnf/9by9_254.cnf,True,0.5515425999983563,62,79,0,3643,182,0,102
254,9by9_cnf/9by9_255.cnf,True,0.09868569999525789,7,0,0,729,8,0,7
255,9by9_cnf/9by9_256.cnf,True,0.389811600005487,36,99,0,3344,204,2,102
256,9by9_cnf/9by9_257.cnf,True,0.09643449999566656,0,0,0,729,1,0,0
257,9by9_cnf/9by9_258.cnf,True,0.08027189999847906,0,0,0,729,1,0,0
258,9by9_cnf/9by9_259.cnf,True,1.2923953999998048,65,329,0,11625,665,1,334
259,9by9_cnf/9by9_260.cnf,True,2.4835240000029444,73,452,0,16991,914,0,461
260,9by9_cnf/9by9_261.cnf,True,0.15107379999972181,24,14,0,1092,39,0,24
261,9by9_cnf/9by9_262.cnf,True,0.7332616999992752,66,132,0,5159,287,0,154
262,9by9_cnf/9by9_263.cnf,True,0.6284030000024359,61,151,0,4730,318,0,166
263,9by9_cnf/9by9_264.cnf,True,0.08843680000427412,0,0,0,729,1,0,0
264,9by9_cnf/9by9_265.cnf,True,0.12659359999815933,18,5,0,812,24,0,18
265,9by9_cnf/9by9_266.cnf,True,0.08568500000546919,0,0,0,729,1,0,0
266,9by9_cnf/9by9_267.cnf,True,0.3163776000001235,44,47,0,2351,122,0,74
267,9by9_cnf/9by9_268.cnf,True,0.22583779999695253,36,38,0,2712,79,0,40
268,9by9_cnf/9by9_269.cnf,True,1.700232800001686,83,344,0,10468,718,0,373
269,9by9_cnf/9by9_270.cnf,True,0.2160141999993357,42,34,0,1825,77,0,42
270,9by9_cnf/9by9_271.cnf,True,0.06811509999533882,0,0,0,729,1,0,0
271,9by9_cnf/9by9_272.cnf,True,0.14512139999715146,23,20,0,1390,44,0,23
272,9by9_cnf/9by9_273.cnf,True,0.16971579999517417,33,26,0,1524,60,0,33
273,9by9_cnf/9by9_274.cnf,True,0.09335879999707686,7,5,0,836,13,1,6
274,9by9_cnf/9by9_275.cnf,True,0.17807059999904595,29,17,0,1197,47,0,29
275,9by9_cnf/9by9_276.cnf,True,0.0888593999989098,0,0,0,729,1,0,0
276,9by9_cnf/9by9_277.cnf,True,1.9027005000025383,68,429,0,16594,867,2,435
277,9by9_cnf/9by9_278.cnf,True,0.20900389999587787,37,25,0,1540,63,0,37
278,9by9_cnf/9by9_279.cnf,True,0.10460859999875538,0,0,0,729,1,0,0
279,9by9_cnf/9by9_280.cnf,True,0.2184521000017412,39,20,0,1421,60,0,39
280,9by9_cnf/9by9_281.cnf,True,0.6970989999972517,78,86,0,4279,197,0,110
281,9by9_cnf/9by9_282.cnf,True,0.47272959999827435,76,42,0,2050,122,1,78
282,9by9_cnf/9by9_283.cnf,True,0.8294296999956714,62,190,0,7325,388,0,197
283,9by9_cnf/9by9_284.cnf,True,0.153105700002925,24,22,0,1380,47,0,24
284,9by9_cnf/9by9_285.cnf,True,0.13786909999907948,18,16,0,1223,35,0,18
285,9by9_cnf/9by9_286.cnf,True,0.09577070000523236,0,0,0,729,1,0,0
286,9by9_cnf/9by9_287.cnf,True,0.217820899997605,42,29,0,1444,72,1,41
287,9by9_cnf/9by9_288.cnf,True,1.4677773000003072,72,246,0,8643,507,0,260
288,9by9_cnf/9by9_289.cnf,True,0.4099028000055114,49,75,0,3264,166,0,90
289,9by9_cnf/9by9_290.cnf,True,0.07988559999648714,0,0,0,729,1,0,0
290,9by9_cnf/9by9_291.cnf,True,0.17672680000396213,26,22,0,1255,49,0,26
291,9by9_cnf/9by9_292.cnf,True,0.16175839999777963,21,17,0,1411,39,0,21
292,9by9_cnf/9by9_293.cnf,True,4.151355499998317,89,771,0,24339,1551,0,779
293,9by9_cnf/9by9_294.cnf,True,0.0928490000005695,0,0,0,729,1,0,0
294,9by9_cnf/9by9_295.cnf,True,0.11890080000011949,10,8,0,949,19,0,10
295,9by9_cnf/9by9_296.cnf,True,0.09374920000118436,0,0,0,729,1,0,0
296,9by9_cnf/9by9_297.cnf,True,0.15041940000082832,28,26,0,1302,55,1,27
297,9by9_cnf/9by9_298.cnf,True,0.12013360000128159,25,6,0,888,32,0,25
298,9by9_cnf/9by9_299.cnf,True,0.7854874000040581,59,136,0,4705,293,0,156
299,9by9_cnf/9by9_300.cnf,True,1.8058178999999654,72,338,0,13096,678,0,339
300,9by9_cnf/9by9_301.cnf,True,0.11667120000493014,17,14,0,1053,37,1,21
301,9by9_cnf/9by9_302.cnf,True,1.4145264999970095,63,199,0,7539,405,0,205
302,9by9_cnf/9by9_303.cnf,True,0.09570080000412418,0,0,0,729,1,0,0
303,9by9_cnf/9by9_304.cnf,True,0.24511050000000978,35,33,0,1653,75,1,40
304,9by9_cnf/9by9_305.cnf,True,0.18636980000155745,30,27,0,1577,58,0,30
305,9by9_cnf/9by9_306.cnf,True,0.7369918000040343,66,122,0,5458,260,0,137
306,9by9_cnf/9by9_307.cnf,True,0.44504739999683807,60,46,0,2416,107,0,60
307,9by9_cnf/9by9_308.cnf,True,0.15703219999704743,22,13,0,1184,36,0,22
308,9by9_cnf/9by9_309.cnf,True,0.10966460000054212,0,0,0,729,1,0,0
309,9by9_cnf/9by9_310.cnf,True,0.22769240000343416,21,13,0,1163,35,0,21
310,9by9_cnf/9by9_311.cnf,True,0.3769715999951586,53,62,0,2633,138,0,75
311,9by9_cnf/9by9_312.cnf,True,0.3635209999993094,51,60,0,3109,128,0,67
312,9by9_cnf/9by9_313.cnf,True,0.10742640000535175,0,0,0,729,1,0,0
313,9by9_cnf/9by9_314.cnf,True,0.36335780000081286,46,80,0,3328,167,0,86
314,9by9_cnf/9by9_315.cnf,True,1.0715007999970112,63,254,0,8562,525,0,270
315,9by9_cnf/9by9_316.cnf,True,0.31367840000166325,35,0,0,729,36,0,35
316,9by9_cnf/9by9_317.cnf,True,0.10761140000249725,0,0,0,729,1,0,0
317,9by9_cnf/9by9_318.cnf,True,0.0909103000012692,0,0,0,729,1,0,0
318,9by9_cnf/9by9_319.cnf,True,0.34866589999728603,42,57,0,2687,119,0,61
319,9by9_cnf/9by9_320.cnf,True,0.6538995999944746,51,141,0,4323,291,0,149
320,9by9_cnf/9by9_321.cnf,True,0.8017891999988933,60,140,0,4472,302,0,161
321,9by9_cnf/9by9_322.cnf,True,1.5620546999998624,70,324,0,8908,652,0,327
322,9by9_cnf/9by9_323.cnf,True,1.706562599996687,67,384,0,12071,773,0,388
323,9by9_cnf/9by9_324.cnf,True,0.09836279999581166,0,0,0,729,1,0,0
324,9by9_cnf/9by9_325.cnf,True,2.4651549000045634,78,490,0,16577,998,0,507
325,9by9_cnf/9by9_326.cnf,True,1.049566200003028,70,163,0,4805,332,0,168
326,9by9_cnf/9by9_327.cnf,True,0.11128650000318885,11,0,0,729,12,0,11
327,9by9_cnf/9by9_328.cnf,True,0.19101339999906486,30,18,0,1189,49,0,30
328,9by9_cnf/9by9_329.cnf,True,0.32070519999979297,44,58,0,2740,122,0,63
329,9by9_cnf/9by9_330.cnf,True,0.3737210999970557,41,67,0,3238,137,0,69
330,9by9_cnf/9by9_331.cnf,True,1.2716108999957214,70,179,0,7782,365,0,185
331,9by9_cnf/9by9_332.cnf,True,0.0982196999975713,0,0,0,729,1,0,0
332,9by9_cnf/9by9_333.cnf,True,3.867394900000363,89,817,0,26812,1656,0,838
333,9by9_cnf/9by9_334.cnf,True,0.09698719999869354,0,0,0,729,1,0,0
334,9by9_cnf/9by9_335.cnf,True,1.7516350000005332,73,309,0,11454,635,0,325
335,9by9_cnf/9by9_336.cnf,True,0.46131379999860656,56,71,0,3411,157,0,85
336,9by9_cnf/9by9_337.cnf,True,0.2886259000006248,27,48,0,1888,100,0,51
337,9by9_cnf/9by9_338.cnf,True,0.2614374999975553,38,11,0,1142,50,0,38
338,9by9_cnf/9by9_339.cnf,True,3.401819399994565,73,805,0,24580,1625,0,819
339,9by9_cnf/9by9_340.cnf,True,0.16017489999649115,24,13,0,1031,38,0,24
340,9by9_cnf/9by9_341.cnf,True,0.09173690000170609,0,0,0,729,1,0,0
341,9by9_cnf/9by9_342.cnf,True,0.17259899999771733,27,17,0,1192,45,0,27
342,9by9_cnf/9by9_343.cnf,True,0.08044959999824641,0,0,0,729,1,0,0
343,9by9_cnf/9by9_344.cnf,True,0.08153870000387542,0,0,0,729,1,0,0
344,9by9_cnf/9by9_345.cnf,True,0.10487290000310168,16,17,0,1125,35,2,15
345,9by9_cnf/9by9_346.cnf,True,0.08771329999581212,0,0,0,729,1,0,0
346,9by9_cnf/9by9_347.cnf,True,0.6898467999999411,56,173,0,6431,357,0,183
347,9by9_cnf/9by9_348.cnf,True,2.481760000002396,98,474,0,16705,976,1,500
348,9by9_cnf/9by9_349.cnf,True,0.09497230000124546,0,0,0,729,1,0,0
349,9by9_cnf/9by9_350.cnf,True,0.10383250000450062,0,0,0,729,1,0,0
350,9by9_cnf/9by9_351.cnf,True,0.5094399000008707,47,84,0,3851,191,0,106
351,9by9_cnf/9by9_352.cnf,True,0.1711591999992379,26,23,0,1571,50,0,26
352,9by9_cnf/9by9_353.cnf,True,0.06666259999474278,0,0,0,729,1,0,0
353,9by9_cnf/9by9_354.cnf,True,0.09124310000333935,0,0,0,729,1,0,0
354,9by9_cnf/9by9_355.cnf,True,0.16632779999781633,27,12,0,1092,40,0,27
355,9by9_cnf/9by9_356.cnf,True,0.186355600002571,35,24,0,1192,60,0,35
356,9by9_cnf/9by9_357.cnf,True,0.27860189999773866,37,60,0,2668,126,0,65
357,9by9_cnf/9by9_358.cnf,True,0.09947210000245832,0,0,0,729,1,0,0
358,9by9_cnf/9by9_359.cnf,True,0.35743340000044554,40,75,0,2963,152,0,76
359,9by9_cnf/9by9_360.cnf,True,0.09450959999958286,0,0,0,729,1,0,0
360,9by9_cnf/9by9_361.cnf,True,0.20149590000073658,37,13,0,1128,51,0,37
361,9by9_cnf/9by9_362.cnf,True,0.9143643999996129,73,154,0,6738,331,0,176
362,9by9_cnf/9by9_363.cnf,True,0.09906929999851855,0,0,0,729,1,0,0
363,9by9_cnf/9by9_364.cnf,True,0.1991861999995308,26,0,0,729,27,0,26
364,9by9_cnf/9by9_365.cnf,True,1.0023372000068775,68,165,0,6256,362,0,196
365,9by9_cnf/9by9_366.cnf,True,0.08932210000057239,0,0,0,729,1,0,0
366,9by9_cnf/9by9_367.cnf,True,0.18052819999866188,28,0,0,729,29,0,28
367,9by9_cnf/9by9_368.cnf,True,1.109541400001035,71,192,0,6259,420,0,227
368,9by9_cnf/9by9_369.cnf,True,0.15094719999615336,23,16,0,1042,40,0,23
369,9by9_cnf/9by9_370.cnf,True,0.2702604000005522,35,35,0,1615,84,0,48
370,9by9_cnf/9by9_371.cnf,True,0.4727244999958202,67,72,0,3318,152,0,79
371,9by9_cnf/9by9_372.cnf,True,0.09697179999784566,4,3,0,772,8,1,3
372,9by9_cnf/9by9_373.cnf,True,0.11564419999922393,10,7,0,894,18,0,10
373,9by9_cnf/9by9_374.cnf,True,0.3937353000001167,42,34,0,2486,90,0,55
374,9by9_cnf/9by9_375.cnf,True,0.09448479999991832,19,1,0,757,21,0,19
375,9by9_cnf/9by9_376.cnf,True,0.09757730000274023,0,0,0,729,1,0,0
376,9by9_cnf/9by9_377.cnf,True,0.4937807000023895,50,84,0,3701,185,0,100
377,9by9_cnf/9by9_378.cnf,True,0.0863759999992908,0,0,0,729,1,0,0
378,9by9_cnf/9by9_379.cnf,True,0.08330859999841778,2,2,0,790,5,1,1
379,9by9_cnf/9by9_380.cnf,True,0.08221100000082515,0,0,0,729,1,0,0
380,9by9_cnf/9by9_381.cnf,True,0.2390337000033469,23,13,0,1012,37,0,23
381,9by9_cnf/9by9_382.cnf,True,0.10922529999515973,0,0,0,729,1,0,0
382,9by9_cnf/9by9_383.cnf,True,0.09519390000059502,0,0,0,729,1,0,0
383,9by9_cnf/9by9_384.cnf,True,0.08948460000101477,0,0,0,729,1,0,0
384,9by9_cnf/9by9_385.cnf,True,0.23808629999984987,30,19,0,1386,50,0,30
385,9by9_cnf/9by9_386.cnf,True,0.22092410000186646,41,25,0,1510,67,0,41
386,9by9_cnf/9by9_387.cnf,True,0.4392934999996214,51,106,0,4070,227,1,119
387,9by9_cnf/9by9_388.cnf,True,0.719031199994788,40,207,0,7155,422,0,214
388,9by9_cnf/9by9_389.cnf,True,0.08242610000161221,0,0,0,729,1,0,0
389,9by9_cnf/9by9_390.cnf,True,0.6414017999995849,60,136,0,5060,288,0,151
390,9by9_cnf/9by9_391.cnf,True,0.9407950000022538,68,181,0,7226,395,0,213
391,9by9_cnf/9by9_392.cnf,True,0.1524649999992107,18,6,0,1018,25,0,18
392,9by9_cnf/9by9_393.cnf,True,1.6893263000019942,88,244,0,8519,546,0,301
393,9by9_cnf/9by9_394.cnf,True,0.366291899998032,63,58,0,2707,143,0,84
394,9by9_cnf/9by9_395.cnf,True,0.18462690000160364,35,14,0,1053,50,0,35
395,9by9_cnf/9by9_396.cnf,True,0.5107758000012836,59,118,0,4357,248,1,128
396,9by9_cnf/9by9_397.cnf,True,0.726927000003343,68,116,0,3652,258,0,141
397,9by9_cnf/9by9_398.cnf,True,0.09332379999978002,0,0,0,729,1,0,0
398,9by9_cnf/9by9_399.cnf,True,0.5914210000046296,67,126,0,4334,260,0,133
399,9by9_cnf/9by9_400.cnf,True,2.554027899997891,84,471,0,16376,975,0,503
400,9by9_cnf/9by9_401.cnf,True,0.09195290000207024,0,0,0,729,1,0,0
401,9by9_cnf/9by9_402.cnf,True,0.7374686000039219,55,170,0,5828,346,0,175
402,9by9_cnf/9by9_403.cnf,True,0.14714619999722345,26,17,0,1173,44,0,26
403,9by9_cnf/9by9_404.cnf,True,0.19312400000490015,25,22,0,1415,48,0,25
404,9by9_cnf/9by9_405.cnf,True,0.6334620000052382,51,138,0,4324,299,0,160
405,9by9_cnf/9by9_406.cnf,True,0.7731085999985225,53,171,0,5893,360,0,188
406,9by9_cnf/9by9_407.cnf,True,0.07825410000077682,0,0,0,729,1,0,0
407,9by9_cnf/9by9_408.cnf,True,0.1387555999972392,18,18,0,1327,37,0,18
408,9by9_cnf/9by9_409.cnf,True,0.24768329999642447,42,17,0,1129,60,0,42
409,9by9_cnf/9by9_410.cnf,True,0.9434641999978339,57,253,0,8482,517,0,263
410,9by9_cnf/9by9_411.cnf,True,0.07358150000072783,0,0,0,729,1,0,0
411,9by9_cnf/9by9_412.cnf,True,0.3580578000037349,59,24,0,1366,84,0,59
412,9by9_cnf/9by9_413.cnf,True,0.10188909999851603,6,3,0,811,10,1,5
413,9by9_cnf/9by9_414.cnf,True,0.41692560000228696,49,82,0,3678,177,0,94
414,9by9_cnf/9by9_415.cnf,True,0.6901577000026009,54,163,0,6199,332,0,168
415,9by9_cnf/9by9_416.cnf,True,0.6725182000009227,52,145,0,5755,297,0,151
416,9by9_cnf/9by9_417.cnf,True,0.3214414000030956,52,45,0,1614,113,0,67
417,9by9_cnf/9by9_418.cnf,True,0.19507940000039525,29,26,0,1647,56,0,29
418,9by9_cnf/9by9_419.cnf,True,0.9364888000054634,50,197,0,7234,413,0,215
419,9by9_cnf/9by9_420.cnf,True,0.20536100000026636,38,25,0,1414,64,0,38
420,9by9_cnf/9by9_421.cnf,True,0.27322080000158167,36,45,0,2063,94,0,48
421,9by9_cnf/9by9_422.cnf,True,0.3948309000043082,50,51,0,3223,125,0,73
422,9by9_cnf/9by9_423.cnf,True,0.08578800000395859,3,3,0,773,7,1,2
423,9by9_cnf/9by9_424.cnf,True,1.1700913999957265,79,187,0,6525,403,0,215
424,9by9_cnf/9by9_425.cnf,True,0.5570622000013827,46,136,0,4905,286,0,149
425,9by9_cnf/9by9_426.cnf,True,0.2426350999958231,31,27,0,1505,72,0,44
426,9by9_cnf/9by9_427.cnf,True,0.5730268000042997,50,136,0,4970,292,0,155
427,9by9_cnf/9by9_428.cnf,True,0.0711379000058514,0,0,0,729,1,0,0
428,9by9_cnf/9by9_429.cnf,True,0.30948540000099456,41,62,0,2467,135,1,71
429,9by9_cnf/9by9_430.cnf,True,0.161447100006626,27,21,0,1216,49,0,27
430,9by9_cnf/9by9_431.cnf,True,0.15273529999831226,32,20,0,1199,53,0,32
431,9by9_cnf/9by9_432.cnf,True,0.08929329999955371,0,0,0,729,1,0,0
432,9by9_cnf/9by9_433.cnf,True,0.8168943999990006,48,207,0,6555,421,1,212
433,9by9_cnf/9by9_434.cnf,True,0.09917960000166204,9,2,0,785,12,1,8
434,9by9_cnf/9by9_435.cnf,True,0.27912389999983134,34,52,0,2351,124,0,71
435,9by9_cnf/9by9_436.cnf,True,0.12408069999946747,12,10,0,967,23,0,12
436,9by9_cnf/9by9_437.cnf,True,0.09854340000310913,0,0,0,729,1,0,0
437,9by9_cnf/9by9_438.cnf,True,0.21509749999677297,17,0,0,729,18,0,17
438,9by9_cnf/9by9_439.cnf,True,0.08475909999833675,0,0,0,729,1,0,0
439,9by9_cnf/9by9_440.cnf,True,0.09345069999835687,0,0,0,729,1,0,0
440,9by9_cnf/9by9_441.cnf,True,0.2187491000004229,27,27,0,1591,55,1,26
441,9by9_cnf/9by9_442.cnf,True,1.4613975000029313,81,275,0,9526,572,0,296
442,9by9_cnf/9by9_443.cnf,True,3.522837900003651,84,750,0,26870,1517,0,766
443,9by9_cnf/9by9_444.cnf,True,0.3810467000002973,52,66,0,3437,134,0,67
444,9by9_cnf/9by9_445.cnf,True,0.4987762999953702,49,91,0,3780,190,0,98
445,9by9_cnf/9by9_446.cnf,True,0.4637062000037986,42,58,0,2391,141,0,82
446,9by9_cnf/9by9_447.cnf,True,0.41710949999833247,51,63,0,2933,130,0,66
447,9by9_cnf/9by9_448.cnf,True,0.10226289999991423,6,4,0,834,11,0,6
448,9by9_cnf/9by9_449.cnf,True,0.1751626999975997,24,18,0,1386,48,0,29
449,9by9_cnf/9by9_450.cnf,True,0.09589400000550086,0,0,0,729,1,0,0
450,9by9_cnf/9by9_451.cnf,True,0.8978988000017125,63,180,0,6148,377,0,196
451,9by9_cnf/9by9_452.cnf,True,3.227956599999743,80,849,0,27809,1707,2,855
452,9by9_cnf/9by9_453.cnf,True,0.0802754999967874,0,0,0,729,1,0,0
453,9by9_cnf/9by9_454.cnf,True,0.348332899993693,38,74,0,2982,153,1,77
454,9by9_cnf/9by9_455.cnf,True,0.29266240000288235,53,43,0,2050,97,0,53
455,9by9_cnf/9by9_456.cnf,True,0.2755040999982157,47,49,0,2258,116,0,66
456,9by9_cnf/9by9_457.cnf,True,1.015938799995638,59,224,0,8697,460,0,235
457,9by9_cnf/9by9_458.cnf,True,0.3265949999986333,52,60,0,2680,131,0,70
458,9by9_cnf/9by9_459.cnf,True,0.08977730000333395,9,8,0,912,18,0,9
459,9by9_cnf/9by9_460.cnf,True,0.17581839999911608,36,31,0,1596,68,0,36
460,9by9_cnf/9by9_461.cnf,True,0.28265600000304403,42,32,0,1830,75,0,42
461,9by9_cnf/9by9_462.cnf,True,0.07417410000198288,0,0,0,729,1,0,0
462,9by9_cnf/9by9_463.cnf,True,0.18275759999960428,36,27,0,1695,64,0,36
463,9by9_cnf/9by9_464.cnf,True,0.5211315999986255,65,74,0,2963,180,0,105
464,9by9_cnf/9by9_465.cnf,True,0.6845297999971081,48,168,0,5368,350,0,181
465,9by9_cnf/9by9_466.cnf,True,0.16544460000295658,27,17,0,1219,45,0,27
466,9by9_cnf/9by9_467.cnf,True,1.0253095000007306,63,227,0,8360,469,0,241
467,9by9_cnf/9by9_468.cnf,True,0.4713377000007313,44,58,0,3233,141,0,82
468,9by9_cnf/9by9_469.cnf,True,0.09365490000345744,0,0,0,729,1,0,0
469,9by9_cnf/9by9_470.cnf,True,0.13427360000059707,22,18,0,1190,41,0,22
470,9by9_cnf/9by9_471.cnf,True,0.16444310000224505,32,19,0,1214,52,0,32
471,9by9_cnf/9by9_472.cnf,True,0.13933779999933904,17,0,0,729,18,0,17
472,9by9_cnf/9by9_473.cnf,True,1.4119623000005959,71,353,0,10061,718,0,364
473,9by9_cnf/9by9_474.cnf,True,0.32180499999958556,29,30,0,2220,72,0,41
474,9by9_cnf/9by9_475.cnf,True,0.30959629999415483,36,65,0,2671,142,0,76
475,9by9_cnf/9by9_476.cnf,True,0.16305609999835724,21,27,0,1717,55,1,26
476,9by9_cnf/9by9_477.cnf,True,0.19601509999483824,31,7,0,951,39,0,31
477,9by9_cnf/9by9_478.cnf,True,0.847760600001493,65,162,0,5110,348,0,185
478,9by9_cnf/9by9_479.cnf,True,0.3151343999998062,48,55,0,2375,124,0,68
479,9by9_cnf/9by9_480.cnf,True,0.09963799999968614,0,0,0,729,1,0,0
480,9by9_cnf/9by9_481.cnf,True,1.0169480999975349,57,243,0,8611,504,0,260
481,9by9_cnf/9by9_482.cnf,True,1.0295493000012357,73,196,0,6100,408,0,211
482,9by9_cnf/9by9_483.cnf,True,8.486359399998037,88,1659,0,57545,3326,0,1666
483,9by9_cnf/9by9_484.cnf,True,0.14840060000278754,20,11,0,1124,32,0,20
484,9by9_cnf/9by9_485.cnf,True,0.3090689000018756,45,18,0,1587,64,0,45
485,9by9_cnf/9by9_486.cnf,True,2.1840012000029674,82,424,0,15440,864,0,439
486,9by9_cnf/9by9_487.cnf,True,0.12229739999747835,15,14,0,1019,30,0,15
487,9by9_cnf/9by9_488.cnf,True,0.15392550000251504,27,24,0,1406,52,0,27
488,9by9_cnf/9by9_489.cnf,True,0.38705710000067484,49,60,0,2904,144,0,83
489,9by9_cnf/9by9_490.cnf,True,0.08650770000531338,0,0,0,729,1,0,0
490,9by9_cnf/9by9_491.cnf,True,0.2127355999982683,39,29,0,1698,69,0,39
491,9by9_cnf/9by9_492.cnf,True,0.4126936999964528,46,101,0,4291,207,0,105
492,9by9_cnf/9by9_493.cnf,True,0.09653119999711635,0,0,0,729,1,0,0
493,9by9_cnf/9by9_494.cnf,True,0.3921455999952741,54,56,0,2817,137,0,80
494,9by9_cnf/9by9_495.cnf,True,2.61025189999782,81,455,0,16419,937,0,481
495,9by9_cnf/9by9_496.cnf,True,0.29903829999966547,50,29,0,1789,82,0,52
496,9by9_cnf/9by9_497.cnf,True,1.268890300001658,63,289,0,9925,585,0,295
497,9by9_cnf/9by9_498.cnf,True,0.10057370000140509,0,0,0,729,1,0,0
498,9by9_cnf/9by9_499.cnf,True,1.8810534000003827,77,360,0,13736,739,0,378
499,9by9_cnf/9by9_500.cnf,True,0.1219206000023405,11,1,0,796,13,0,11
500,9by9_cnf/9by9_501.cnf,True,0.08330489999934798,0,0,0,729,1,0,0
501,9by9_cnf/9by9_502.cnf,True,0.08828519999951823,0,0,0,729,1,0,0
502,9by9_cnf/9by9_503.cnf,True,12.997952499994426,83,2701,0,88973,5423,0,2721
503,9by9_cnf/9by9_504.cnf,True,0.5851698999977089,61,100,0,3526,223,0,122
504,9by9_cnf/9by9_505.cnf,True,0.4210614999974496,47,62,0,2783,142,0,79
505,9by9_cnf/9by9_506.cnf,True,0.5385232000044198,74,48,0,1832,145,0,96
506,9by9_cnf/9by9_507.cnf,True,0.1326030999989598,13,12,0,1063,27,0,14
507,9by9_cnf/9by9_508.cnf,True,0.3096404999960214,39,54,0,2760,110,0,55
508,9by9_cnf/9by9_509.cnf,True,0.09846730000572279,0,0,0,729,1,0,0
509,9by9_cnf/9by9_510.cnf,True,0.42737019999913173,54,39,0,1853,105,0,65
510,9by9_cnf/9by9_511.cnf,True,1.6604851000010967,81,238,0,7506,496,0,257
511,9by9_cnf/9by9_512.cnf,True,0.088640400004806,0,0,0,729,1,0,0
512,9by9_cnf/9by9_513.cnf,True,0.08347640000283718,0,0,0,729,1,0,0
513,9by9_cnf/9by9_514.cnf,True,2.6433698999971966,80,422,0,16117,850,0,427
514,9by9_cnf/9by9_515.cnf,True,1.0774700999972993,59,189,0,6977,407,0,217
515,9by9_cnf/9by9_516.cnf,True,0.10847690000082366,0,0,0,729,1,0,0
516,9by9_cnf/9by9_517.cnf,True,0.2803910000002361,39,32,0,1803,72,0,39
517,9by9_cnf/9by9_518.cnf,True,0.19031250000261934,24,19,0,1182,44,0,24
518,9by9_cnf/9by9_519.cnf,True,0.39769349999551196,38,49,0,2377,122,0,72
519,9by9_cnf/9by9_520.cnf,True,0.20976649999647634,35,46,0,1990,98,0,51
520,9by9_cnf/9by9_521.cnf,True,0.059261599999445025,0,0,0,729,1,0,0
521,9by9_cnf/9by9_522.cnf,True,0.17699509999511065,19,10,0,1017,30,0,19
522,9by9_cnf/9by9_523.cnf,True,0.11750930000562221,0,0,0,729,1,0,0
523,9by9_cnf/9by9_524.cnf,True,0.11124759999802336,0,0,0,729,1,0,0
524,9by9_cnf/9by9_525.cnf,True,0.10972300000139512,0,0,0,729,1,0,0
525,9by9_cnf/9by9_526.cnf,True,0.25246940000215545,32,39,0,2065,80,0,40
526,9by9_cnf/9by9_527.cnf,True,0.10050880000198958,0,0,0,729,1,0,0
527,9by9_cnf/9by9_528.cnf,True,1.7483181999996305,61,265,0,9803,543,0,277
528,9by9_cnf/9by9_529.cnf,True,0.7490314000024227,60,127,0,4510,263,0,135
529,9by9_cnf/9by9_530.cnf,True,0.33060500000283355,35,48,0,2160,98,0,49
530,9by9_cnf/9by9_531.cnf,True,0.3664695999977994,37,36,0,1827,79,0,42
531,9by9_cnf/9by9_532.cnf,True,0.2569796000025235,38,26,0,1681,65,0,38
532,9by9_cnf/9by9_533.cnf,True,0.4847778000039398,65,50,0,2802,116,0,65
533,9by9_cnf/9by9_534.cnf,True,0.3217889000006835,44,28,0,1467,73,0,44
534,9by9_cnf/9by9_535.cnf,True,0.17664979999972275,21,14,0,1090,39,1,23
535,9by9_cnf/9by9_536.cnf,True,0.12542289999692002,8,4,0,796,13,1,7
536,9by9_cnf/9by9_537.cnf,True,3.488572700000077,69,706,0,24330,1413,1,705
537,9by9_cnf/9by9_538.cnf,True,0.2657526999973925,31,39,0,1892,84,2,42
538,9by9_cnf/9by9_539.cnf,True,0.43968260000110604,40,62,0,2804,125,0,62
539,9by9_cnf/9by9_540.cnf,True,0.24597299999732058,27,18,0,1360,46,0,27
540,9by9_cnf/9by9_541.cnf,True,0.23099699999875156,30,22,0,1399,53,1,29
541,9by9_cnf/9by9_542.cnf,True,0.27505269999528537,25,21,0,1593,49,1,26
542,9by9_cnf/9by9_543.cnf,True,0.16152720000536647,15,1,0,753,17,0,15
543,9by9_cnf/9by9_544.cnf,True,0.37401410000165924,49,48,0,2241,113,1,63
544,9by9_cnf/9by9_545.cnf,True,1.08557170000131,61,213,0,7021,432,0,218
545,9by9_cnf/9by9_546.cnf,True,0.16785849999723723,18,0,0,729,19,0,18
546,9by9_cnf/9by9_547.cnf,True,0.19235440000193194,30,25,0,1542,56,1,29
547,9by9_cnf/9by9_548.cnf,True,0.534527399999206,61,75,0,3136,153,0,77
548,9by9_cnf/9by9_549.cnf,True,1.3198200000042561,71,252,0,8665,516,0,263
549,9by9_cnf/9by9_550.cnf,True,0.11236019999341806,8,8,0,902,17,1,7
550,9by9_cnf/9by9_551.cnf,True,0.5883833999978378,62,85,0,3037,183,2,95
551,9by9_cnf/9by9_552.cnf,True,0.19762030000129016,27,23,0,1238,65,1,40
552,9by9_cnf/9by9_553.cnf,True,0.5220372000039788,53,91,0,3483,194,0,102
553,9by9_cnf/9by9_554.cnf,True,0.12786090000008699,11,8,0,1041,20,0,11
554,9by9_cnf/9by9_555.cnf,True,0.1111352000007173,5,5,0,825,11,1,4
555,9by9_cnf/9by9_556.cnf,True,1.8120923999958904,72,319,0,11808,668,0,348
556,9by9_cnf/9by9_557.cnf,True,0.7543120000045747,52,94,0,4145,205,0,110
557,9by9_cnf/9by9_558.cnf,True,0.17590509999718051,23,4,0,794,28,0,23
558,9by9_cnf/9by9_559.cnf,True,0.10533820000273408,0,0,0,729,1,0,0
559,9by9_cnf/9by9_560.cnf,True,0.10770779999438673,0,0,0,729,1,0,0
560,9by9_cnf/9by9_561.cnf,True,0.11314719999791123,0,0,0,729,1,0,0
561,9by9_cnf/9by9_562.cnf,True,0.12042339999607066,0,0,0,729,1,0,0
562,9by9_cnf/9by9_563.cnf,True,1.072538300002634,83,135,0,5568,297,0,161
563,9by9_cnf/9by9_564.cnf,True,0.1166328000035719,0,0,0,729,1,0,0
564,9by9_cnf/9by9_565.cnf,True,0.7385063999972772,52,156,0,6069,315,0,158
565,9by9_cnf/9by9_566.cnf,True,0.36464759999944363,45,50,0,2190,113,0,62
566,9by9_cnf/9by9_567.cnf,True,0.11804120000306284,10,1,0,763,12,0,10
567,9by9_cnf/9by9_568.cnf,True,0.3198164999994333,52,43,0,2329,96,0,52
568,9by9_cnf/9by9_569.cnf,True,0.134412200000952,16,2,0,775,19,0,16
569,9by9_cnf/9by9_570.cnf,True,0.09368880000693025,0,0,0,729,1,0,0
570,9by9_cnf/9by9_571.cnf,True,0.5533351999984006,56,95,0,3694,202,0,106
571,9by9_cnf/9by9_572.cnf,True,0.40296659999876283,50,41,0,2417,94,0,52
572,9by9_cnf/9by9_573.cnf,True,0.7689232999982778,53,155,0,5154,323,0,167
573,9by9_cnf/9by9_574.cnf,True,0.15698449999763397,27,20,0,1259,48,0,27
574,9by9_cnf/9by9_575.cnf,True,0.28166159999818774,36,30,0,1554,67,0,36
575,9by9_cnf/9by9_576.cnf,True,0.6352058999982546,69,86,0,3695,188,0,101
576,9by9_cnf/9by9_577.cnf,True,0.07879469999897992,0,0,0,729,1,0,0
577,9by9_cnf/9by9_578.cnf,True,0.539077500005078,63,94,0,3779,206,0,111
578,9by9_cnf/9by9_579.cnf,True,0.15599049999582348,18,15,0,1059,34,0,18
579,9by9_cnf/9by9_580.cnf,True,3.864971199996944,86,795,0,27883,1607,0,811
580,9by9_cnf/9by9_581.cnf,True,0.2780371999979252,39,5,0,876,45,0,39
581,9by9_cnf/9by9_582.cnf,True,0.09397429999808082,0,0,0,729,1,0,0
582,9by9_cnf/9by9_583.cnf,True,0.49961749999783933,50,100,0,4486,204,0,103
583,9by9_cnf/9by9_584.cnf,True,0.10752550000324845,7,7,0,879,15,1,6
584,9by9_cnf/9by9_585.cnf,True,0.5781491000016103,62,110,0,3938,234,0,123
585,9by9_cnf/9by9_586.cnf,True,1.2295478000014555,62,272,0,9417,563,0,290
586,9by9_cnf/9by9_587.cnf,True,0.1946477999954368,25,11,0,1016,37,0,25
587,9by9_cnf/9by9_588.cnf,True,0.25353329999779817,25,22,0,1914,48,0,25
588,9by9_cnf/9by9_589.cnf,True,0.26225730000442127,39,25,0,1480,77,0,51
589,9by9_cnf/9by9_590.cnf,True,0.5866600000008475,55,133,0,5022,279,0,145
590,9by9_cnf/9by9_591.cnf,True,0.6830054999954882,55,182,0,6562,371,0,188
591,9by9_cnf/9by9_592.cnf,True,5.298574899999949,87,934,0,32649,1897,0,962
592,9by9_cnf/9by9_593.cnf,True,0.07361339999624761,0,0,0,729,1,0,0
593,9by9_cnf/9by9_594.cnf,True,0.40922090000094613,59,38,0,1802,116,0,77
594,9by9_cnf/9by9_595.cnf,True,0.3003720000051544,41,46,0,2288,109,0,62
595,9by9_cnf/9by9_596.cnf,True,0.3011384999990696,38,53,0,2502,122,0,68
596,9by9_cnf/9by9_597.cnf,True,0.09188900000299327,0,0,0,729,1,0,0
597,9by9_cnf/9by9_598.cnf,True,0.5477033999995911,64,84,0,3241,185,0,100
598,9by9_cnf/9by9_599.cnf,True,0.17417269999714335,30,14,0,1150,45,0,30
599,9by9_cnf/9by9_600.cnf,True,0.3870311999999103,56,38,0,1976,95,0,56
600,9by9_cnf/9by9_601.cnf,True,0.07608510000136448,0,0,0,729,1,0,0
601,9by9_cnf/9by9_602.cnf,True,0.10956489999807673,15,11,0,1119,27,0,15
602,9by9_cnf/9by9_603.cnf,True,1.018347299999732,62,197,0,7263,423,0,225
603,9by9_cnf/9by9_604.cnf,True,0.1578074999997625,22,21,0,1210,44,0,22
604,9by9_cnf/9by9_605.cnf,True,0.4589871000061976,52,95,0,3719,207,0,111
605,9by9_cnf/9by9_606.cnf,True,0.26439360000222223,39,24,0,1570,75,0,50
606,9by9_cnf/9by9_607.cnf,True,0.3515884000007645,56,29,0,1647,91,0,61
607,9by9_cnf/9by9_608.cnf,True,0.16720619999978226,26,25,0,1440,52,0,26
608,9by9_cnf/9by9_609.cnf,True,0.1278521999993245,24,11,0,982,36,0,24
609,9by9_cnf/9by9_610.cnf,True,0.6339888000002247,65,102,0,4241,235,0,132
610,9by9_cnf/9by9_611.cnf,True,0.09409990000131074,5,2,0,823,8,0,5
611,9by9_cnf/9by9_612.cnf,True,0.32704720000037923,52,39,0,1893,109,0,69
612,9by9_cnf/9by9_613.cnf,True,1.0910462999963784,64,224,0,7442,451,0,226
613,9by9_cnf/9by9_614.cnf,True,0.08915259999776026,0,0,0,729,1,0,0
614,9by9_cnf/9by9_615.cnf,True,1.0513186999960453,64,219,0,8400,458,0,238
615,9by9_cnf/9by9_616.cnf,True,0.3787609999999404,57,64,0,2785,142,0,77
616,9by9_cnf/9by9_617.cnf,True,0.16651879999699304,34,29,0,1448,64,0,34
617,9by9_cnf/9by9_618.cnf,True,0.19164180000370834,33,11,0,1125,45,0,33
618,9by9_cnf/9by9_619.cnf,True,0.10099399999307934,21,15,0,1074,37,1,20
619,9by9_cnf/9by9_620.cnf,True,0.3822699000011198,54,67,0,2937,154,1,85
620,9by9_cnf/9by9_621.cnf,True,0.10150370000337716,0,0,0,729,1,0,0
621,9by9_cnf/9by9_622.cnf,True,0.25933969999459805,45,51,0,1987,115,1,62
622,9by9_cnf/9by9_623.cnf,True,0.10233499999594642,0,0,0,729,1,0,0
623,9by9_cnf/9by9_624.cnf,True,0.7045253999967827,58,122,0,4864,263,0,140
624,9by9_cnf/9by9_625.cnf,True,0.0741725000043516,0,0,0,729,1,0,0
625,9by9_cnf/9by9_626.cnf,True,0.18594149999989895,30,29,0,1656,60,0,30
626,9by9_cnf/9by9_627.cnf,True,0.3129678000041167,38,58,0,2212,126,0,67
627,9by9_cnf/9by9_628.cnf,True,0.11170899999706307,14,11,0,936,26,0,14
628,9by9_cnf/9by9_629.cnf,True,0.7753396999978577,49,111,0,3988,224,0,112
629,9by9_cnf/9by9_630.cnf,True,0.111594400004833,0,0,0,729,1,0,0
630,9by9_cnf/9by9_631.cnf,True,0.47896960000070976,48,49,0,2252,112,0,62
631,9by9_cnf/9by9_632.cnf,True,0.5450954999978421,52,109,0,4407,233,1,122
632,9by9_cnf/9by9_633.cnf,True,0.13763770000514342,15,7,0,871,23,0,15
633,9by9_cnf/9by9_634.cnf,True,0.2477463999966858,30,21,0,1290,52,0,30
634,9by9_cnf/9by9_635.cnf,True,0.24527060000400525,28,20,0,1340,49,0,28
635,9by9_cnf/9by9_636.cnf,True,0.12421969999559224,10,10,0,986,21,0,10
636,9by9_cnf/9by9_637.cnf,True,0.3671170000015991,41,54,0,2367,122,0,67
637,9by9_cnf/9by9_638.cnf,True,0.2580506000012974,41,32,0,1906,74,0,41
638,9by9_cnf/9by9_639.cnf,True,0.1492179999986547,23,21,0,1230,45,0,23
639,9by9_cnf/9by9_640.cnf,True,0.2558725000053528,49,21,0,1233,71,0,49
640,9by9_cnf/9by9_641.cnf,True,0.4991128999972716,53,80,0,3243,164,0,83
641,9by9_cnf/9by9_642.cnf,True,0.18206500000087544,32,14,0,1103,47,0,32
642,9by9_cnf/9by9_643.cnf,True,0.08792340000218246,0,0,0,729,1,0,0
643,9by9_cnf/9by9_644.cnf,True,0.10385129999485798,0,0,0,729,1,0,0
644,9by9_cnf/9by9_645.cnf,True,0.10676499999681255,0,0,0,729,1,0,0
645,9by9_cnf/9by9_646.cnf,True,0.2892937000069651,31,31,0,1330,77,0,45
646,9by9_cnf/9by9_647.cnf,True,0.16133419999823673,23,19,0,1186,43,0,23
647,9by9_cnf/9by9_648.cnf,True,2.570767600002,75,533,0,21636,1071,0,537
648,9by9_cnf/9by9_649.cnf,True,2.059058399994683,77,402,0,15290,833,0,430
649,9by9_cnf/9by9_650.cnf,True,0.13442159999976866,20,13,0,1013,34,1,19
650,9by9_cnf/9by9_651.cnf,True,0.12035289999766974,12,10,0,943,28,0,17
651,9by9_cnf/9by9_652.cnf,True,0.08486589999665739,0,0,0,729,1,0,0
652,9by9_cnf/9by9_653.cnf,True,0.6153706000040984,49,108,0,4088,227,2,116
653,9by9_cnf/9by9_654.cnf,True,4.630658699999913,87,897,0,33707,1803,0,905
654,9by9_cnf/9by9_655.cnf,True,0.09302170000592014,0,0,0,729,1,0,0
655,9by9_cnf/9by9_656.cnf,True,4.911997399998654,92,990,0,34881,1997,0,1006
656,9by9_cnf/9by9_657.cnf,True,0.11189890000241576,0,0,0,729,1,0,0
657,9by9_cnf/9by9_658.cnf,True,0.8250809000019217,61,135,0,4732,283,0,147
658,9by9_cnf/9by9_659.cnf,True,1.36496900000202,72,268,0,10391,547,1,277
659,9by9_cnf/9by9_660.cnf,True,0.2276750999953947,22,19,0,1248,42,0,22
660,9by9_cnf/9by9_661.cnf,True,0.17687370000203373,22,9,0,960,32,0,22
661,9by9_cnf/9by9_662.cnf,True,2.1608162999982596,82,454,0,15404,923,2,466
662,9by9_cnf/9by9_663.cnf,True,1.0875051000039093,70,234,0,9770,480,0,245
663,9by9_cnf/9by9_664.cnf,True,0.3541867000021739,50,58,0,2560,131,0,72
664,9by9_cnf/9by9_665.cnf,True,0.10022159999789437,0,0,0,729,1,0,0
665,9by9_cnf/9by9_666.cnf,True,1.0920267000037711,53,228,0,8570,461,0,232
666,9by9_cnf/9by9_667.cnf,True,0.10357730000396259,17,0,0,729,18,0,17
667,9by9_cnf/9by9_668.cnf,True,0.3884150999947451,46,123,0,4608,248,0,124
668,9by9_cnf/9by9_669.cnf,True,0.11129970000183675,19,8,0,844,28,0,19
669,9by9_cnf/9by9_670.cnf,True,0.14141720000043279,27,18,0,1167,46,0,27
670,9by9_cnf/9by9_671.cnf,True,0.2580847999997786,35,44,0,2283,97,0,52
671,9by9_cnf/9by9_672.cnf,True,0.15682169999490725,29,5,0,842,35,0,29
672,9by9_cnf/9by9_673.cnf,True,0.07214169999497244,12,0,0,729,13,0,12
673,9by9_cnf/9by9_674.cnf,True,0.2576972999959253,42,45,0,2314,102,0,56
674,9by9_cnf/9by9_675.cnf,True,0.09658040000067558,16,6,0,857,23,0,16
675,9by9_cnf/9by9_676.cnf,True,0.9281145999993896,73,167,0,6769,353,0,185
676,9by9_cnf/9by9_677.cnf,True,0.8520127000010689,79,131,0,4725,293,0,161
677,9by9_cnf/9by9_678.cnf,True,0.07904520000010962,0,0,0,729,1,0,0
678,9by9_cnf/9by9_679.cnf,True,1.0457962000000407,64,189,0,7410,403,0,213
679,9by9_cnf/9by9_680.cnf,True,0.1086141999985557,17,11,0,975,29,0,17
680,9by9_cnf/9by9_681.cnf,True,0.430172100001073,52,81,0,4011,165,0,83
681,9by9_cnf/9by9_682.cnf,True,0.07559860000037588,0,0,0,729,1,0,0
682,9by9_cnf/9by9_683.cnf,True,0.08817650000128197,0,0,0,729,1,0,0
683,9by9_cnf/9by9_684.cnf,True,1.7323648000019602,68,352,0,11038,712,0,359
684,9by9_cnf/9by9_685.cnf,True,0.17878799999743933,25,20,0,1411,46,0,25
685,9by9_cnf/9by9_686.cnf,True,0.3242688000027556,52,34,0,1640,87,0,52
686,9by9_cnf/9by9_687.cnf,True,2.013826999995217,92,342,0,12453,724,0,381
687,9by9_cnf/9by9_688.cnf,True,1.1467660999987856,64,210,0,8038,455,0,244
688,9by9_cnf/9by9_689.cnf,True,0.16115259999787668,18,13,0,1084,32,1,17
689,9by9_cnf/9by9_690.cnf,True,1.9015220000001136,70,340,0,13807,695,0,354
690,9by9_cnf/9by9_691.cnf,True,0.395694500002719,41,70,0,3481,142,0,71
691,9by9_cnf/9by9_692.cnf,True,0.3828732000038144,42,76,0,3312,166,1,88
692,9by9_cnf/9by9_693.cnf,True,0.29831259999627946,47,22,0,1286,70,0,47
693,9by9_cnf/9by9_694.cnf,True,2.1790120000005118,74,445,0,16525,921,0,475
694,9by9_cnf/9by9_695.cnf,True,0.4051072000002023,67,41,0,2451,109,0,67
695,9by9_cnf/9by9_696.cnf,True,0.3993791000029887,59,51,0,2873,121,0,69
696,9by9_cnf/9by9_697.cnf,True,1.283231400004297,64,204,0,8363,427,0,222
697,9by9_cnf/9by9_698.cnf,True,0.7166530000031344,76,99,0,4028,228,0,128
698,9by9_cnf/9by9_699.cnf,True,0.06433860000106506,0,0,0,729,1,0,0
699,9by9_cnf/9by9_700.cnf,True,0.13434940000297502,20,9,0,929,30,0,20
700,9by9_cnf/9by9_701.cnf,True,0.3074681999933091,43,49,0,2782,101,0,51
701,9by9_cnf/9by9_702.cnf,True,1.7910673000005772,66,355,0,11613,716,2,358
702,9by9_cnf/9by9_703.cnf,True,0.6727601999955368,60,110,0,4360,226,0,115
703,9by9_cnf/9by9_704.cnf,True,0.5541660000017146,53,92,0,3374,200,0,107
704,9by9_cnf/9by9_705.cnf,True,0.4764409000054002,41,33,0,2250,87,0,53
705,9by9_cnf/9by9_706.cnf,True,0.20294480000302428,22,10,0,1200,33,0,22
706,9by9_cnf/9by9_707.cnf,True,3.314577500001178,76,627,0,23315,1263,0,635
707,9by9_cnf/9by9_708.cnf,True,0.11376469999959227,0,0,0,729,1,0,0
708,9by9_cnf/9by9_709.cnf,True,0.6847385000000941,65,61,0,2838,152,0,90
709,9by9_cnf/9by9_710.cnf,True,0.38557199999922886,45,59,0,2883,122,0,62
710,9by9_cnf/9by9_711.cnf,True,0.10745549999410287,0,0,0,729,1,0,0
711,9by9_cnf/9by9_712.cnf,True,0.20556580000265967,22,15,0,1349,38,0,22
712,9by9_cnf/9by9_713.cnf,True,0.24677949999750126,31,23,0,1493,55,0,31
713,9by9_cnf/9by9_714.cnf,True,0.44109759999992093,42,66,0,3170,147,0,80
714,9by9_cnf/9by9_715.cnf,True,0.16204300000390504,20,15,0,1157,36,0,20
715,9by9_cnf/9by9_716.cnf,True,0.24911499999871012,32,31,0,1883,64,0,32
716,9by9_cnf/9by9_717.cnf,True,0.10385040000255685,0,0,0,729,1,0,0
717,9by9_cnf/9by9_718.cnf,True,0.10724150000169175,0,0,0,729,1,0,0
718,9by9_cnf/9by9_719.cnf,True,0.4446977000043262,44,56,0,2316,121,0,64
719,9by9_cnf/9by9_720.cnf,True,0.100811899996188,0,0,0,729,1,0,0
720,9by9_cnf/9by9_721.cnf,True,0.5037815999967279,43,86,0,3636,182,1,94
721,9by9_cnf/9by9_722.cnf,True,1.5164543999999296,56,303,0,10469,621,0,317
722,9by9_cnf/9by9_723.cnf,True,0.6485830999954487,61,95,0,4117,205,0,109
723,9by9_cnf/9by9_724.cnf,True,0.5624475999939023,57,72,0,3065,154,0,81
724,9by9_cnf/9by9_725.cnf,True,0.3639368000003742,50,34,0,1824,85,0,50
725,9by9_cnf/9by9_726.cnf,True,0.4634102999989409,66,30,0,1580,97,0,66
726,9by9_cnf/9by9_727.cnf,True,0.18325239999830956,24,13,0,1045,38,0,24
727,9by9_cnf/9by9_728.cnf,True,0.3317849000013666,45,50,0,2647,114,0,63
728,9by9_cnf/9by9_729.cnf,True,1.3037611999970977,60,274,0,9534,549,0,274
729,9by9_cnf/9by9_730.cnf,True,0.15338160000101198,28,16,0,1092,45,0,28
730,9by9_cnf/9by9_731.cnf,True,1.433660000002419,73,244,0,8320,539,0,294
731,9by9_cnf/9by9_732.cnf,True,0.5594808000023477,51,98,0,4204,208,0,109
732,9by9_cnf/9by9_733.cnf,True,0.28703630000381963,45,48,0,2061,100,1,50
733,9by9_cnf/9by9_734.cnf,True,0.5439714000021922,57,73,0,2788,163,0,89
734,9by9_cnf/9by9_735.cnf,True,1.1544171999994433,69,202,0,8314,411,0,208
735,9by9_cnf/9by9_736.cnf,True,0.13237389999994775,12,0,0,729,13,0,12
736,9by9_cnf/9by9_737.cnf,True,0.166651899999124,27,21,0,1212,49,1,26
737,9by9_cnf/9by9_738.cnf,True,0.10187779999978375,10,6,0,865,17,0,10
738,9by9_cnf/9by9_739.cnf,True,1.5598517000034917,58,303,0,11076,614,0,310
739,9by9_cnf/9by9_740.cnf,True,0.6254068999987794,70,104,0,3738,228,0,123
740,9by9_cnf/9by9_741.cnf,True,0.3419869000063045,50,36,0,1955,87,0,50
741,9by9_cnf/9by9_742.cnf,True,0.3982509999987087,47,80,0,3200,166,0,85
742,9by9_cnf/9by9_743.cnf,True,0.1010242999982438,0,0,0,729,1,0,0
743,9by9_cnf/9by9_744.cnf,True,0.34356539999862434,48,50,0,2529,116,1,64
744,9by9_cnf/9by9_745.cnf,True,0.332821399999375,43,56,0,2604,120,0,63
745,9by9_cnf/9by9_746.cnf,True,0.26060229999711737,36,49,0,2264,108,1,57
746,9by9_cnf/9by9_747.cnf,True,1.9345765999969444,72,403,0,11483,823,0,419
747,9by9_cnf/9by9_748.cnf,True,0.31043310000677593,53,41,0,2120,95,0,53
748,9by9_cnf/9by9_749.cnf,True,0.5120757999975467,56,84,0,3906,189,0,104
749,9by9_cnf/9by9_750.cnf,True,1.020005799997307,62,146,0,7160,301,0,154
750,9by9_cnf/9by9_751.cnf,True,1.2189276999997674,68,242,0,9718,492,0,249
751,9by9_cnf/9by9_752.cnf,True,0.3566410999992513,51,58,0,2748,128,1,68
752,9by9_cnf/9by9_753.cnf,True,0.21970739999960642,33,40,0,2083,85,1,43
753,9by9_cnf/9by9_754.cnf,True,0.5687066000027698,63,98,0,4035,214,0,115
754,9by9_cnf/9by9_755.cnf,True,0.09489440000470495,0,0,0,729,1,0,0
755,9by9_cnf/9by9_756.cnf,True,0.888488700002199,62,158,0,5961,334,0,175
756,9by9_cnf/9by9_757.cnf,True,0.2781632999976864,45,49,0,2420,107,0,57
757,9by9_cnf/9by9_758.cnf,True,1.1176555999991251,60,184,0,7401,375,0,190
758,9by9_cnf/9by9_759.cnf,True,0.9967371999955503,59,225,0,7459,466,0,240
759,9by9_cnf/9by9_760.cnf,True,0.5202080999952159,53,76,0,3786,156,0,79
760,9by9_cnf/9by9_761.cnf,True,0.48022299999865936,57,46,0,2224,119,0,72
761,9by9_cnf/9by9_762.cnf,True,0.19676919999619713,26,18,0,1243,47,0,28
762,9by9_cnf/9by9_763.cnf,True,1.0263187999953516,69,180,0,5746,366,0,185
763,9by9_cnf/9by9_764.cnf,True,3.5611271999950986,90,689,0,24329,1408,0,718
764,9by9_cnf/9by9_765.cnf,True,0.5080635999984224,59,73,0,3051,154,0,80
765,9by9_cnf/9by9_766.cnf,True,1.1900382999956491,70,228,0,8755,472,0,243
766,9by9_cnf/9by9_767.cnf,True,0.16825840000092285,11,9,0,978,21,0,11
767,9by9_cnf/9by9_768.cnf,True,0.1426398000039626,14,8,0,862,23,1,13
768,9by9_cnf/9by9_769.cnf,True,0.1250796000022092,0,0,0,729,1,0,0
769,9by9_cnf/9by9_770.cnf,True,0.40807240000140155,50,65,0,2479,148,0,82
770,9by9_cnf/9by9_771.cnf,True,1.2577988000048208,71,237,0,9455,486,0,248
771,9by9_cnf/9by9_772.cnf,True,0.43724379999912344,38,95,0,4145,195,0,99
772,9by9_cnf/9by9_773.cnf,True,0.5475262999971164,61,115,0,4908,232,1,115
773,9by9_cnf/9by9_774.cnf,True,0.08000360000005458,0,0,0,729,1,0,0
774,9by9_cnf/9by9_775.cnf,True,1.342316700000083,59,303,0,10874,631,0,327
775,9by9_cnf/9by9_776.cnf,True,0.10427830000116955,0,0,0,729,1,0,0
776,9by9_cnf/9by9_777.cnf,True,1.5713265999947907,73,297,0,11511,620,0,322
777,9by9_cnf/9by9_778.cnf,True,0.5562340000033146,55,95,0,3757,200,0,104
778,9by9_cnf/9by9_779.cnf,True,0.23615560000325786,42,28,0,1644,76,0,47
779,9by9_cnf/9by9_780.cnf,True,0.591738199997053,66,105,0,4646,217,0,111
780,9by9_cnf/9by9_781.cnf,True,0.8830823000025703,72,131,0,5171,300,0,168
781,9by9_cnf/9by9_782.cnf,True,0.11681420000240905,14,13,0,1027,28,0,14
782,9by9_cnf/9by9_783.cnf,True,0.4407823000001372,58,80,0,3713,169,0,88
783,9by9_cnf/9by9_784.cnf,True,0.559860800000024,72,74,0,3473,166,0,91
784,9by9_cnf/9by9_785.cnf,True,0.24131490000581834,29,32,0,2031,75,0,42
785,9by9_cnf/9by9_786.cnf,True,0.5085164000047371,46,110,0,4538,223,0,112
786,9by9_cnf/9by9_787.cnf,True,0.32633509999868693,45,35,0,2337,88,0,52
787,9by9_cnf/9by9_788.cnf,True,0.25585080000018934,40,41,0,1824,96,0,54
788,9by9_cnf/9by9_789.cnf,True,0.525353000004543,64,74,0,3178,165,0,90
789,9by9_cnf/9by9_790.cnf,True,2.5464339000027394,80,518,0,16801,1060,0,541
790,9by9_cnf/9by9_791.cnf,True,1.4436143999992055,59,348,0,10694,702,1,352
791,9by9_cnf/9by9_792.cnf,True,0.08112500000424916,0,0,0,729,1,0,0
792,9by9_cnf/9by9_793.cnf,True,0.08444880000024568,0,0,0,729,1,0,0
793,9by9_cnf/9by9_794.cnf,True,0.2496266000016476,41,45,0,2462,100,0,54
794,9by9_cnf/9by9_795.cnf,True,0.08723819999431726,0,0,0,729,1,0,0
795,9by9_cnf/9by9_796.cnf,True,0.39133070000389125,50,49,0,2562,120,0,70
796,9by9_cnf/9by9_797.cnf,True,7.787179200000537,87,1715,0,58647,3443,0,1727
797,9by9_cnf/9by9_798.cnf,True,0.4361155000005965,45,88,0,3534,186,0,97
798,9by9_cnf/9by9_799.cnf,True,0.0798925999988569,0,0,0,729,1,0,0
799,9by9_cnf/9by9_800.cnf,True,0.6243648000017856,57,120,0,4662,245,0,124
800,9by9_cnf/9by9_801.cnf,True,0.20136300000012852,28,7,0,1094,36,0,28
801,9by9_cnf/9by9_802.cnf,True,0.7924408000035328,67,132,0,5562,284,0,151
802,9by9_cnf/9by9_803.cnf,True,0.5576080999962869,56,110,0,4545,227,0,116
803,9by9_cnf/9by9_804.cnf,True,3.901329300002544,75,902,0,30670,1831,0,928
804,9by9_cnf/9by9_805.cnf,True,0.24627610000607092,38,42,0,2170,88,0,45
805,9by9_cnf/9by9_806.cnf,True,0.48562849999871105,41,115,0,4510,237,0,121
806,9by9_cnf/9by9_807.cnf,True,0.2901482000015676,42,58,0,2293,122,1,62
807,9by9_cnf/9by9_808.cnf,True,0.33681320000323467,44,71,0,3698,147,1,74
808,9by9_cnf/9by9_809.cnf,True,0.8935484000030556,70,167,0,7238,354,0,186
809,9by9_cnf/9by9_810.cnf,True,1.1195361999998568,83,188,0,8464,395,0,206
810,9by9_cnf/9by9_811.cnf,True,0.5325962999995681,57,146,0,4751,303,0,156
811,9by9_cnf/9by9_812.cnf,True,0.4197582000051625,65,36,0,2013,106,0,69
812,9by9_cnf/9by9_813.cnf,True,1.38527339999564,73,303,0,11681,627,0,323
813,9by9_cnf/9by9_814.cnf,True,0.07045110000035493,0,0,0,729,1,0,0
814,9by9_cnf/9by9_815.cnf,True,0.08344230000511743,0,0,0,729,1,0,0
815,9by9_cnf/9by9_816.cnf,True,0.09821450000163168,0,0,0,729,1,0,0
816,9by9_cnf/9by9_817.cnf,True,0.06881379999686033,0,0,0,729,1,0,0
817,9by9_cnf/9by9_818.cnf,True,0.16152349999902071,34,32,0,1588,67,0,34
818,9by9_cnf/9by9_819.cnf,True,0.5580746999985422,79,78,0,2971,185,2,104
819,9by9_cnf/9by9_820.cnf,True,0.1915447999999742,29,32,0,1799,72,1,38
820,9by9_cnf/9by9_821.cnf,True,0.7396593000012217,49,216,0,7486,436,1,218
821,9by9_cnf/9by9_822.cnf,True,0.2821010999978171,43,52,0,2642,113,0,60
822,9by9_cnf/9by9_823.cnf,True,0.17803319999802625,25,9,0,1126,35,0,25
823,9by9_cnf/9by9_824.cnf,True,0.5425945000024512,69,106,0,4689,215,0,108
824,9by9_cnf/9by9_825.cnf,True,1.8128685999981826,62,440,0,15086,909,0,468
825,9by9_cnf/9by9_826.cnf,True,0.2512559999959194,40,27,0,1685,68,0,40
826,9by9_cnf/9by9_827.cnf,True,0.0536227000047802,0,0,0,729,1,0,0
827,9by9_cnf/9by9_828.cnf,True,0.2846787000016775,46,43,0,2212,105,0,61
828,9by9_cnf/9by9_829.cnf,True,0.7766230999986874,70,155,0,5711,329,0,173
829,9by9_cnf/9by9_830.cnf,True,0.33534830000280635,50,39,0,2289,90,0,50
830,9by9_cnf/9by9_831.cnf,True,0.526900700002443,55,103,0,4263,207,0,103
831,9by9_cnf/9by9_832.cnf,True,0.08025120000093011,0,0,0,729,1,0,0
832,9by9_cnf/9by9_833.cnf,True,0.1673508000021684,30,22,0,1373,53,0,30
833,9by9_cnf/9by9_834.cnf,True,0.3070466999997734,41,48,0,2335,103,0,54
834,9by9_cnf/9by9_835.cnf,True,0.08333439999842085,0,0,0,729,1,0,0
835,9by9_cnf/9by9_836.cnf,True,4.670114300002751,69,906,0,28928,1845,0,938
836,9by9_cnf/9by9_837.cnf,True,0.07824260000052163,0,0,0,729,1,0,0
837,9by9_cnf/9by9_838.cnf,True,0.489138400000229,45,84,0,3762,185,0,100
838,9by9_cnf/9by9_839.cnf,True,0.08475739999994403,0,0,0,729,1,0,0
839,9by9_cnf/9by9_840.cnf,True,0.5189587999993819,53,124,0,5036,255,0,130
840,9by9_cnf/9by9_841.cnf,True,0.12080350000178441,19,7,0,861,27,0,19
841,9by9_cnf/9by9_842.cnf,True,0.27076189999934286,43,43,0,2207,102,0,58
842,9by9_cnf/9by9_843.cnf,True,1.1790268999975524,52,280,0,10708,565,0,284
843,9by9_cnf/9by9_844.cnf,True,0.46491080000123475,62,77,0,3671,163,0,85
844,9by9_cnf/9by9_845.cnf,True,0.710672400004114,73,141,0,4806,318,0,176
845,9by9_cnf/9by9_846.cnf,True,0.2449793000050704,48,18,0,1260,67,0,48
846,9by9_cnf/9by9_847.cnf,True,0.27443090000451775,45,57,0,2429,121,1,62
847,9by9_cnf/9by9_848.cnf,True,0.27663680000114255,47,52,0,2629,105,1,51
848,9by9_cnf/9by9_849.cnf,True,0.09075480000319658,0,0,0,729,1,0,0
849,9by9_cnf/9by9_850.cnf,True,1.3334739999991143,62,248,0,9108,507,0,258
850,9by9_cnf/9by9_851.cnf,True,0.44005810000089696,44,80,0,3171,177,0,96
851,9by9_cnf/9by9_852.cnf,True,1.152230799998506,71,238,0,7186,487,0,248
852,9by9_cnf/9by9_853.cnf,True,0.13231430000450928,17,12,0,1121,30,0,17
853,9by9_cnf/9by9_854.cnf,True,0.17638470000383677,25,8,0,912,34,0,25
854,9by9_cnf/9by9_855.cnf,True,0.24951210000290303,42,28,0,1680,71,0,42
855,9by9_cnf/9by9_856.cnf,True,0.3213930999991135,52,33,0,1748,86,0,52
856,9by9_cnf/9by9_857.cnf,True,0.14740700000402285,18,12,0,1088,31,0,18
857,9by9_cnf/9by9_858.cnf,True,3.5497627000004286,86,659,0,25895,1326,0,666
858,9by9_cnf/9by9_859.cnf,True,0.22434330000396585,41,30,0,1664,72,0,41
859,9by9_cnf/9by9_860.cnf,True,0.3268836999995983,51,42,0,2525,94,0,51
860,9by9_cnf/9by9_861.cnf,True,0.2972234999979264,41,47,0,1955,104,0,56
861,9by9_cnf/9by9_862.cnf,True,1.2439512999990257,66,258,0,9424,519,0,260
862,9by9_cnf/9by9_863.cnf,True,0.42750920000253245,41,70,0,3124,148,0,77
863,9by9_cnf/9by9_864.cnf,True,0.14986870000575436,24,18,0,1235,43,0,24
864,9by9_cnf/9by9_865.cnf,True,0.3927661999987322,51,90,0,3145,191,0,100
865,9by9_cnf/9by9_866.cnf,True,1.835401999996975,77,293,0,9443,611,0,317
866,9by9_cnf/9by9_867.cnf,True,0.2858202000061283,39,66,0,2832,141,0,74
867,9by9_cnf/9by9_868.cnf,True,0.5938491999986582,48,104,0,4158,223,0,118
868,9by9_cnf/9by9_869.cnf,True,0.2728715999983251,45,23,0,1251,69,0,45
869,9by9_cnf/9by9_870.cnf,True,0.3269782000061241,46,53,0,2039,113,0,59
870,9by9_cnf/9by9_871.cnf,True,0.1816564000037033,32,17,0,1165,50,0,32
871,9by9_cnf/9by9_872.cnf,True,0.2510961000007228,37,26,0,1757,64,0,37
872,9by9_cnf/9by9_873.cnf,True,0.5330424999992829,48,92,0,4233,193,0,100
873,9by9_cnf/9by9_874.cnf,True,0.2589181000003009,34,43,0,2089,92,0,48
874,9by9_cnf/9by9_875.cnf,True,0.28079430000070715,44,43,0,2675,88,0,44
875,9by9_cnf/9by9_876.cnf,True,0.5638730999999098,70,66,0,2954,148,0,81
876,9by9_cnf/9by9_877.cnf,True,0.3196509999979753,42,45,0,2363,99,1,52
877,9by9_cnf/9by9_878.cnf,True,0.2380360999959521,26,24,0,1652,60,0,35
878,9by9_cnf/9by9_879.cnf,True,0.09844819999852916,12,3,0,782,16,0,12
879,9by9_cnf/9by9_880.cnf,True,0.28083540000079665,40,27,0,1335,68,0,40
880,9by9_cnf/9by9_881.cnf,True,0.78507990000071,55,137,0,6004,288,0,150
881,9by9_cnf/9by9_882.cnf,True,1.5660168000031263,73,305,0,11390,617,0,311
882,9by9_cnf/9by9_883.cnf,True,0.23354760000074748,22,16,0,1129,39,0,22
883,9by9_cnf/9by9_884.cnf,True,0.3062311000030604,36,21,0,1178,58,0,36
884,9by9_cnf/9by9_885.cnf,True,0.10443130000203382,0,0,0,729,1,0,0
885,9by9_cnf/9by9_886.cnf,True,0.4652014000021154,51,34,0,1908,86,0,51
886,9by9_cnf/9by9_887.cnf,True,1.0953632999953697,59,216,0,8356,433,0,216
887,9by9_cnf/9by9_888.cnf,True,0.10982920000242302,0,0,0,729,1,0,0
888,9by9_cnf/9by9_889.cnf,True,0.518506400003389,50,78,0,2603,178,1,98
889,9by9_cnf/9by9_890.cnf,True,0.2547517999992124,37,13,0,1095,51,0,37
890,9by9_cnf/9by9_891.cnf,True,0.8896595000041998,47,185,0,7193,390,0,204
891,9by9_cnf/9by9_892.cnf,True,0.25923229999898467,25,10,0,1254,36,0,25
892,9by9_cnf/9by9_893.cnf,True,0.24968169999920065,47,35,0,1987,83,0,47
893,9by9_cnf/9by9_894.cnf,True,0.32755080000060843,41,68,0,3072,148,1,78
894,9by9_cnf/9by9_895.cnf,True,0.33122309999453137,48,40,0,2491,89,0,48
895,9by9_cnf/9by9_896.cnf,True,1.8867322000005515,50,432,0,16143,877,0,444
896,9by9_cnf/9by9_897.cnf,True,0.8508427999986452,75,138,0,6200,291,0,152
897,9by9_cnf/9by9_898.cnf,True,0.3239069999981439,46,66,0,2840,139,0,72
898,9by9_cnf/9by9_899.cnf,True,0.09320719999959692,0,0,0,729,1,0,0
899,9by9_cnf/9by9_900.cnf,True,0.11677429999690503,23,20,0,1216,47,1,25
900,9by9_cnf/9by9_901.cnf,True,0.18460010000126204,34,18,0,1218,53,0,34
901,9by9_cnf/9by9_902.cnf,True,0.4008319999993546,56,57,0,2965,120,1,61
902,9by9_cnf/9by9_903.cnf,True,2.251357299996016,76,498,0,18269,1004,0,505
903,9by9_cnf/9by9_904.cnf,True,1.4615370000028634,59,360,0,11114,749,0,388
904,9by9_cnf/9by9_905.cnf,True,2.234425899994676,73,384,0,15705,815,0,430
905,9by9_cnf/9by9_906.cnf,True,1.1121306999993976,79,235,0,7696,493,0,257
906,9by9_cnf/9by9_907.cnf,True,0.6795256000041263,69,124,0,4833,264,0,139
907,9by9_cnf/9by9_908.cnf,True,0.3997716000012588,53,60,0,2715,156,0,95
908,9by9_cnf/9by9_909.cnf,True,0.18807440000091447,38,34,0,1919,73,0,38
909,9by9_cnf/9by9_910.cnf,True,0.9977468000070076,53,235,0,8829,472,0,236
910,9by9_cnf/9by9_911.cnf,True,0.4571834000016679,53,98,0,4312,198,0,99
911,9by9_cnf/9by9_912.cnf,True,0.4149753999954555,45,85,0,3737,171,0,85
912,9by9_cnf/9by9_913.cnf,True,0.2800358000022243,39,21,0,1198,61,0,39
913,9by9_cnf/9by9_914.cnf,True,0.6134129999991274,56,138,0,5857,279,0,140
914,9by9_cnf/9by9_915.cnf,True,0.44750690000364557,58,78,0,3129,160,0,81
915,9by9_cnf/9by9_916.cnf,True,0.6599983999985852,60,151,0,5409,314,0,162
916,9by9_cnf/9by9_917.cnf,True,0.08478869999817107,0,0,0,729,1,0,0
917,9by9_cnf/9by9_918.cnf,True,0.21479639999597566,30,39,0,1925,80,0,40
918,9by9_cnf/9by9_919.cnf,True,0.07639500000368571,0,0,0,729,1,0,0
919,9by9_cnf/9by9_920.cnf,True,0.7323600000017905,66,138,0,5996,295,0,156
920,9by9_cnf/9by9_921.cnf,True,0.14423609999357723,21,20,0,1285,50,1,28
921,9by9_cnf/9by9_922.cnf,True,0.5313274000000092,63,85,0,3855,179,0,93
922,9by9_cnf/9by9_923.cnf,True,0.19663220000074944,35,29,0,1605,65,0,35
923,9by9_cnf/9by9_924.cnf,True,2.565521099997568,83,510,0,19738,1041,0,530
924,9by9_cnf/9by9_925.cnf,True,0.478549400002521,69,52,0,2305,141,0,88
925,9by9_cnf/9by9_926.cnf,True,0.1098093999971752,9,7,0,970,17,0,9
926,9by9_cnf/9by9_927.cnf,True,0.3274075000008452,42,55,0,2907,115,0,59
927,9by9_cnf/9by9_928.cnf,True,0.3817752999966615,51,64,0,3548,131,0,66
928,9by9_cnf/9by9_929.cnf,True,0.40042689999972936,56,65,0,3105,150,0,84
929,9by9_cnf/9by9_930.cnf,True,0.12566209999931743,16,6,0,834,23,0,16
930,9by9_cnf/9by9_931.cnf,True,0.3615801999985706,55,71,0,3328,146,0,74
931,9by9_cnf/9by9_932.cnf,True,0.9173041000030935,62,204,0,6882,411,1,205
932,9by9_cnf/9by9_933.cnf,True,0.587134800000058,54,136,0,5374,278,0,141
933,9by9_cnf/9by9_934.cnf,True,0.4459779000026174,65,42,0,2283,108,0,65
934,9by9_cnf/9by9_935.cnf,True,0.35690850000537466,54,29,0,1779,93,0,63
935,9by9_cnf/9by9_936.cnf,True,0.3415316000027815,52,59,0,2639,126,0,66
936,9by9_cnf/9by9_937.cnf,True,0.15770259999408154,31,14,0,1175,46,0,31
937,9by9_cnf/9by9_938.cnf,True,0.08160990000033053,0,0,0,729,1,0,0
938,9by9_cnf/9by9_939.cnf,True,1.0887086000002455,71,243,0,9402,492,1,247
939,9by9_cnf/9by9_940.cnf,True,0.1837108999970951,27,18,0,1083,46,0,27
940,9by9_cnf/9by9_941.cnf,True,1.5301237000021501,66,381,0,11403,787,0,405
941,9by9_cnf/9by9_942.cnf,True,0.7099902999980259,63,122,0,5209,253,0,130
942,9by9_cnf/9by9_943.cnf,True,0.09662889999890467,0,0,0,729,1,0,0
943,9by9_cnf/9by9_944.cnf,True,1.4672281999955885,58,307,0,10304,640,0,332
944,9by9_cnf/9by9_945.cnf,True,0.6044239999973797,65,107,0,4201,239,0,131
945,9by9_cnf/9by9_946.cnf,True,0.08885340000415454,0,0,0,729,1,0,0
946,9by9_cnf/9by9_947.cnf,True,0.6241988999972818,60,121,0,6050,244,0,122
947,9by9_cnf/9by9_948.cnf,True,0.2995448000001488,46,31,0,1856,78,0,46
948,9by9_cnf/9by9_949.cnf,True,2.9583233000012115,76,582,0,21614,1188,0,605
949,9by9_cnf/9by9_950.cnf,True,0.08678930000314722,0,0,0,729,1,0,0
950,9by9_cnf/9by9_951.cnf,True,0.46879189999890514,44,116,0,4605,242,0,125
951,9by9_cnf/9by9_952.cnf,True,0.7237431999965338,60,187,0,6463,387,1,198
952,9by9_cnf/9by9_953.cnf,True,0.7071968000018387,47,151,0,5869,313,0,161
953,9by9_cnf/9by9_954.cnf,True,0.3672870000009425,58,61,0,2700,139,0,77
954,9by9_cnf/9by9_955.cnf,True,0.47519679999822984,56,77,0,3420,166,0,88
955,9by9_cnf/9by9_956.cnf,True,0.27467320000141626,38,0,0,729,39,0,38
956,9by9_cnf/9by9_957.cnf,True,0.5866717999961111,61,118,0,4382,251,0,132
957,9by9_cnf/9by9_958.cnf,True,0.15219290000095498,25,17,0,1166,43,0,25
958,9by9_cnf/9by9_959.cnf,True,0.2663394999981392,42,29,0,1587,72,0,42
959,9by9_cnf/9by9_960.cnf,True,0.2280116000038106,33,39,0,1862,86,0,46
960,9by9_cnf/9by9_961.cnf,True,0.5090275999973528,49,89,0,4096,198,0,108
961,9by9_cnf/9by9_962.cnf,True,0.49219849999644794,45,92,0,3882,205,0,112
962,9by9_cnf/9by9_963.cnf,True,0.16753020000032848,24,4,0,818,29,0,24
963,9by9_cnf/9by9_964.cnf,True,1.0024645999947097,72,204,0,6156,435,0,230
964,9by9_cnf/9by9_965.cnf,True,0.40883149999717716,42,89,0,3784,185,8,87
965,9by9_cnf/9by9_966.cnf,True,1.881592500001716,67,390,0,14793,805,0,414
966,9by9_cnf/9by9_967.cnf,True,1.3122973999998067,63,269,0,11189,567,0,297
967,9by9_cnf/9by9_968.cnf,True,0.14297000000078697,23,18,0,1284,42,0,23
968,9by9_cnf/9by9_969.cnf,True,0.8479795999955968,53,205,0,7355,421,3,212
969,9by9_cnf/9by9_970.cnf,True,1.0815944999994827,60,258,0,9545,528,0,269
970,9by9_cnf/9by9_971.cnf,True,0.6543450999961351,56,108,0,4194,232,0,123
971,9by9_cnf/9by9_972.cnf,True,0.40353099999629194,45,52,0,3328,106,0,53
972,9by9_cnf/9by9_973.cnf,True,0.7571702999994159,55,128,0,5555,269,0,140
973,9by9_cnf/9by9_974.cnf,True,0.34707459999481216,57,28,0,1353,86,1,56
974,9by9_cnf/9by9_975.cnf,True,0.8430140999989817,59,116,0,5417,251,0,134
975,9by9_cnf/9by9_976.cnf,True,0.3297004999985802,28,14,0,1282,45,0,30
976,9by9_cnf/9by9_977.cnf,True,0.2641726000001654,46,32,0,1604,79,0,46
977,9by9_cnf/9by9_978.cnf,True,0.20406179999554297,28,41,0,1843,83,0,41
978,9by9_cnf/9by9_979.cnf,True,0.676765099997283,77,107,0,4069,254,0,146
979,9by9_cnf/9by9_980.cnf,True,0.17020929999853252,27,23,0,1504,51,0,27
980,9by9_cnf/9by9_981.cnf,True,1.1810399999958463,80,268,0,8718,556,0,287
981,9by9_cnf/9by9_982.cnf,True,2.2240412999963155,65,524,0,19738,1063,0,538
982,9by9_cnf/9by9_983.cnf,True,0.3412344000025769,51,77,0,2978,165,1,86
983,9by9_cnf/9by9_984.cnf,True,0.8137889999998151,76,163,0,6946,346,0,182
984,9by9_cnf/9by9_985.cnf,True,0.14633640000101877,31,22,0,1320,54,0,31
985,9by9_cnf/9by9_986.cnf,True,0.477137900001253,52,97,0,3972,202,1,103
986,9by9_cnf/9by9_987.cnf,True,0.11936270000296645,19,15,0,1170,35,0,19
987,9by9_cnf/9by9_988.cnf,True,0.4606344999992871,57,62,0,3217,142,0,79
988,9by9_cnf/9by9_989.cnf,True,0.17354509999859147,36,28,0,1612,65,0,36
989,9by9_cnf/9by9_990.cnf,True,1.3230082999943988,66,289,0,9876,594,0,304
990,9by9_cnf/9by9_991.cnf,True,0.07149139999819454,0,0,0,729,1,0,0
991,9by9_cnf/9by9_992.cnf,True,3.5797587000051863,75,837,0,31324,1687,2,847
992,9by9_cnf/9by9_993.cnf,True,0.19866969999566209,45,28,0,1425,74,0,45
993,9by9_cnf/9by9_994.cnf,True,0.23632869999710238,34,38,0,2067,97,0,58
994,9by9_cnf/9by9_995.cnf,True,0.6926053999995929,71,133,0,5883,284,0,150
995,9by9_cnf/9by9_996.cnf,True,0.19675139999890234,28,17,0,1212,46,0,28
996,9by9_cnf/9by9_997.cnf,True,0.3044540000046254,48,38,0,1884,87,0,48
997,9by9_cnf/9by9_998.cnf,True,0.3190221000040765,49,42,0,2097,105,0,62
998,9by9_cnf/9by9_999.cnf,True,0.1321650999962003,20,11,0,1054,32,0,20
999,9by9_cnf/9by9_1000.cnf,True,0.5449374000017997,58,119,0,4762,242,0,122
1000,9by9_cnf/9by9_1001.cnf,True,0.6027693999931216,57,110,0,4373,234,0,123
1001,9by9_cnf/9by9_1002.cnf,True,1.1599318999942625,71,240,0,8072,512,0,271
1002,9by9_cnf/9by9_1003.cnf,True,0.4844070999970427,65,91,0,4396,183,0,91
1003,9by9_cnf/9by9_1004.cnf,True,0.2399708999946597,40,47,0,2031,110,0,62
1004,9by9_cnf/9by9_1005.cnf,True,0.18978980000247248,36,23,0,1371,66,1,41
1005,9by9_cnf/9by9_1006.cnf,True,0.33069020000402816,38,48,0,2054,106,0,57
1006,9by9_cnf/9by9_1007.cnf,True,0.2921674000026542,42,65,0,2904,139,0,73
1007,9by9_cnf/9by9_1008.cnf,True,0.08859319999464788,0,0,0,729,1,0,0
1008,9by9_cnf/9by9_1009.cnf,True,0.17821700000058627,25,34,0,1883,71,0,36
1009,9by9_cnf/9by9_1010.cnf,True,0.1854553000011947,32,26,0,1551,59,0,32
1010,9by9_cnf/9by9_1011.cnf,True,1.018009700004768,68,220,0,7856,459,1,237
