,filename,solvable,time_elapsed,max_depth,backtracks,solved_literals,heuristic_used
0,4by4_cnf/4by4_1.cnf,True,0.0004015000013168901,0,0,64,JWTwoSide
1,4by4_cnf/4by4_2.cnf,True,0.0004071000003023073,0,0,64,JWTwoSide
2,4by4_cnf/4by4_3.cnf,True,0.0004098000063095242,0,0,64,JWTwoSide
3,4by4_cnf/4by4_4.cnf,True,0.0004385999927762896,0,0,64,JWTwoSide
4,4by4_cnf/4by4_5.cnf,True,0.0004087999986950308,0,0,64,JWTwoSide
5,4by4_cnf/4by4_6.cnf,True,0.0004230999911669642,0,0,64,JWTwoSide
6,4by4_cnf/4by4_7.cnf,True,0.0004565999988699332,0,0,64,JWTwoSide
7,4by4_cnf/4by4_8.cnf,True,0.000403900005039759,0,0,64,JWTwoSide
8,4by4_cnf/4by4_9.cnf,True,0.00039849999302532524,0,0,64,JWTwoSide
9,4by4_cnf/4by4_10.cnf,True,0.0004054000019095838,0,0,64,JWTwoSide
10,4by4_cnf/4by4_11.cnf,True,0.00041190000774804503,0,0,64,JWTwoSide
11,4by4_cnf/4by4_12.cnf,True,0.0004045999958179891,0,0,64,JWTwoSide
12,4by4_cnf/4by4_13.cnf,True,0.00039879999530967325,0,0,64,JWTwoSide
13,4by4_cnf/4by4_14.cnf,True,0.0002423999976599589,0,0,64,JWTwoSide
14,4by4_cnf/4by4_15.cnf,True,0.00026359999901615083,0,0,64,JWTwoSide
15,4by4_cnf/4by4_16.cnf,True,0.0002131000073859468,0,0,64,JWTwoSide
16,4by4_cnf/4by4_17.cnf,True,0.00024680000205989927,0,0,64,JWTwoSide
17,4by4_cnf/4by4_18.cnf,True,0.000447300000814721,0,0,64,JWTwoSide
18,4by4_cnf/4by4_19.cnf,True,0.00038469998980872333,0,0,64,JWTwoSide
19,4by4_cnf/4by4_20.cnf,True,0.00044600000546779484,0,0,64,JWTwoSide
20,4by4_cnf/4by4_21.cnf,True,0.0004034000012325123,0,0,64,JWTwoSide
21,4by4_cnf/4by4_22.cnf,True,0.00042549999488983303,0,0,64,JWTwoSide
22,4by4_cnf/4by4_23.cnf,True,0.0004206000012345612,0,0,64,JWTwoSide
23,4by4_cnf/4by4_24.cnf,True,0.0004334999975981191,0,0,64,JWTwoSide
24,4by4_cnf/4by4_25.cnf,True,0.0003117000014754012,0,0,64,JWTwoSide
25,4by4_cnf/4by4_26.cnf,True,0.0004099999932805076,0,0,64,JWTwoSide
26,4by4_cnf/4by4_27.cnf,True,0.0003927999932784587,0,0,64,JWTwoSide
27,4by4_cnf/4by4_28.cnf,True,0.0003895999980159104,0,0,64,JWTwoSide
28,4by4_cnf/4by4_29.cnf,True,0.0004310999938752502,0,0,64,JWTwoSide
29,4by4_cnf/4by4_30.cnf,True,0.0002773999876808375,0,0,64,JWTwoSide
30,4by4_cnf/4by4_31.cnf,True,0.00043700000969693065,0,0,64,JWTwoSide
31,4by4_cnf/4by4_32.cnf,True,0.0002792000013869256,0,0,64,JWTwoSide
32,4by4_cnf/4by4_33.cnf,True,0.00026960000104736537,0,0,64,JWTwoSide
33,4by4_cnf/4by4_34.cnf,True,0.00021399999968707561,0,0,64,JWTwoSide
34,4by4_cnf/4by4_35.cnf,True,0.0003853999951388687,0,0,64,JWTwoSide
35,4by4_cnf/4by4_36.cnf,True,0.00028160000510979444,0,0,64,JWTwoSide
36,4by4_cnf/4by4_37.cnf,True,0.0002268999960506335,0,0,64,JWTwoSide
37,4by4_cnf/4by4_38.cnf,True,0.0002792000013869256,0,0,64,JWTwoSide
38,4by4_cnf/4by4_39.cnf,True,0.0004457000031834468,0,0,64,JWTwoSide
39,4by4_cnf/4by4_40.cnf,True,0.0002829000004567206,0,0,64,JWTwoSide
40,4by4_cnf/4by4_41.cnf,True,0.0004526999982772395,0,0,64,JWTwoSide
41,4by4_cnf/4by4_42.cnf,True,0.0002562000008765608,0,0,64,JWTwoSide
42,4by4_cnf/4by4_43.cnf,True,0.0002494999935152009,0,0,64,JWTwoSide
43,4by4_cnf/4by4_44.cnf,True,0.00024090000079013407,0,0,64,JWTwoSide
44,4by4_cnf/4by4_45.cnf,True,0.00027400000544730574,0,0,64,JWTwoSide
45,4by4_cnf/4by4_46.cnf,True,0.0006032000092091039,0,0,64,JWTwoSide
46,4by4_cnf/4by4_47.cnf,True,0.0003901999880326912,0,0,64,JWTwoSide
47,4by4_cnf/4by4_48.cnf,True,0.00027269999554846436,0,0,64,JWTwoSide
48,4by4_cnf/4by4_49.cnf,True,0.0002523000002838671,0,0,64,JWTwoSide
49,4by4_cnf/4by4_50.cnf,True,0.0002927000023191795,0,0,64,JWTwoSide
50,4by4_cnf/4by4_51.cnf,True,0.0002523000002838671,0,0,64,JWTwoSide
51,4by4_cnf/4by4_52.cnf,True,0.00027540000155568123,0,0,64,JWTwoSide
52,4by4_cnf/4by4_53.cnf,True,0.0002578999992692843,0,0,64,JWTwoSide
53,4by4_cnf/4by4_54.cnf,True,0.00025599999935366213,0,0,64,JWTwoSide
54,4by4_cnf/4by4_55.cnf,True,0.0002384999970672652,0,0,64,JWTwoSide
55,4by4_cnf/4by4_56.cnf,True,0.000229199999012053,0,0,64,JWTwoSide
56,4by4_cnf/4by4_57.cnf,True,0.00023099999816622585,0,0,64,JWTwoSide
57,4by4_cnf/4by4_58.cnf,True,0.0002393000031588599,0,0,64,JWTwoSide
58,4by4_cnf/4by4_59.cnf,True,0.00028399999428074807,0,0,64,JWTwoSide
59,4by4_cnf/4by4_60.cnf,True,0.0004039999912492931,0,0,64,JWTwoSide
60,4by4_cnf/4by4_61.cnf,True,0.00026869999419432133,0,0,64,JWTwoSide
61,4by4_cnf/4by4_62.cnf,True,0.00023609999334439635,0,0,64,JWTwoSide
62,4by4_cnf/4by4_63.cnf,True,0.00026330001128371805,0,0,64,JWTwoSide
63,4by4_cnf/4by4_64.cnf,True,0.0002496000088285655,0,0,64,JWTwoSide
64,4by4_cnf/4by4_65.cnf,True,0.0002476999943610281,0,0,64,JWTwoSide
65,4by4_cnf/4by4_66.cnf,True,0.00026529999740887433,0,0,64,JWTwoSide
66,4by4_cnf/4by4_67.cnf,True,0.0002432999899610877,0,0,64,JWTwoSide
67,4by4_cnf/4by4_68.cnf,True,0.00023839999630581588,0,0,64,JWTwoSide
68,4by4_cnf/4by4_69.cnf,True,0.0002502999996067956,0,0,64,JWTwoSide
69,4by4_cnf/4by4_70.cnf,True,0.000269199998001568,0,0,64,JWTwoSide
70,4by4_cnf/4by4_71.cnf,True,0.0002665000065462664,0,0,64,JWTwoSide
71,4by4_cnf/4by4_72.cnf,True,0.00024989999656099826,0,0,64,JWTwoSide
72,4by4_cnf/4by4_73.cnf,True,0.00032169999030884355,0,0,64,JWTwoSide
73,4by4_cnf/4by4_74.cnf,True,0.0003049000079045072,0,0,64,JWTwoSide
74,4by4_cnf/4by4_75.cnf,True,0.0002516999957151711,0,0,64,JWTwoSide
75,4by4_cnf/4by4_76.cnf,True,0.0002808999997796491,0,0,64,JWTwoSide
76,4by4_cnf/4by4_77.cnf,True,0.0004209000035189092,0,0,64,JWTwoSide
77,4by4_cnf/4by4_78.cnf,True,0.00028959999326616526,0,0,64,JWTwoSide
78,4by4_cnf/4by4_79.cnf,True,0.0002386999985901639,0,0,64,JWTwoSide
79,4by4_cnf/4by4_80.cnf,True,0.00037740000698249787,0,0,64,JWTwoSide
80,4by4_cnf/4by4_81.cnf,True,0.00037989999691490084,0,0,64,JWTwoSide
81,4by4_cnf/4by4_82.cnf,True,0.00028249999741092324,0,0,64,JWTwoSide
82,4by4_cnf/4by4_83.cnf,True,0.0003066000062972307,0,0,64,JWTwoSide
83,4by4_cnf/4by4_84.cnf,True,0.00026200000138487667,0,0,64,JWTwoSide
84,4by4_cnf/4by4_85.cnf,True,0.00040520000038668513,0,0,64,JWTwoSide
85,4by4_cnf/4by4_86.cnf,True,0.0002986000035889447,0,0,64,JWTwoSide
86,4by4_cnf/4by4_87.cnf,True,0.00026390000130049884,0,0,64,JWTwoSide
87,4by4_cnf/4by4_88.cnf,True,0.000265199996647425,0,0,64,JWTwoSide
88,4by4_cnf/4by4_89.cnf,True,0.0002471999905537814,0,0,64,JWTwoSide
89,4by4_cnf/4by4_90.cnf,True,0.00023150000197347254,0,0,64,JWTwoSide
90,4by4_cnf/4by4_91.cnf,True,0.00028440001187846065,0,0,64,JWTwoSide
91,4by4_cnf/4by4_92.cnf,True,0.00026200000138487667,0,0,64,JWTwoSide
92,4by4_cnf/4by4_93.cnf,True,0.00025800000003073364,0,0,64,JWTwoSide
93,4by4_cnf/4by4_94.cnf,True,0.0002610000083222985,0,0,64,JWTwoSide
94,4by4_cnf/4by4_95.cnf,True,0.0002384999970672652,0,0,64,JWTwoSide
95,4by4_cnf/4by4_96.cnf,True,0.0002860999957192689,0,0,64,JWTwoSide
96,4by4_cnf/4by4_97.cnf,True,0.00026300000899937004,0,0,64,JWTwoSide
97,4by4_cnf/4by4_98.cnf,True,0.00030440000409726053,0,0,64,JWTwoSide
98,4by4_cnf/4by4_99.cnf,True,0.0002744000084931031,0,0,64,JWTwoSide
99,4by4_cnf/4by4_100.cnf,True,0.0002769999991869554,0,0,64,JWTwoSide
100,4by4_cnf/4by4_101.cnf,True,0.00024140000459738076,0,0,64,JWTwoSide
101,4by4_cnf/4by4_102.cnf,True,0.0002997999981744215,0,0,64,JWTwoSide
102,4by4_cnf/4by4_103.cnf,True,0.0002810000005410984,0,0,64,JWTwoSide
103,4by4_cnf/4by4_104.cnf,True,0.00027659999614115804,0,0,64,JWTwoSide
104,4by4_cnf/4by4_105.cnf,True,0.00027949998911935836,0,0,64,JWTwoSide
105,4by4_cnf/4by4_106.cnf,True,0.00026699999580159783,0,0,64,JWTwoSide
106,4by4_cnf/4by4_107.cnf,True,0.0002852000034181401,0,0,64,JWTwoSide
107,4by4_cnf/4by4_108.cnf,True,0.00026050000451505184,0,0,64,JWTwoSide
108,4by4_cnf/4by4_109.cnf,True,0.00023950000468175858,0,0,64,JWTwoSide
109,4by4_cnf/4by4_110.cnf,True,0.00026810000417754054,0,0,64,JWTwoSide
110,4by4_cnf/4by4_111.cnf,True,0.000232299993513152,0,0,64,JWTwoSide
111,4by4_cnf/4by4_112.cnf,True,0.0003360999980941415,0,0,64,JWTwoSide
112,4by4_cnf/4by4_113.cnf,True,0.00026559999969322234,0,0,64,JWTwoSide
113,4by4_cnf/4by4_114.cnf,True,0.0002845999988494441,0,0,64,JWTwoSide
114,4by4_cnf/4by4_115.cnf,True,0.00037939999310765415,0,0,64,JWTwoSide
115,4by4_cnf/4by4_116.cnf,True,0.0002556999970693141,0,0,64,JWTwoSide
116,4by4_cnf/4by4_117.cnf,True,0.0002562000008765608,0,0,64,JWTwoSide
117,4by4_cnf/4by4_118.cnf,True,0.00027289999707136303,0,0,64,JWTwoSide
118,4by4_cnf/4by4_119.cnf,True,0.00028500000189524144,0,0,64,JWTwoSide
119,4by4_cnf/4by4_120.cnf,True,0.0002638000005390495,0,0,64,JWTwoSide
120,4by4_cnf/4by4_121.cnf,True,0.00027189998945686966,0,0,64,JWTwoSide
121,4by4_cnf/4by4_122.cnf,True,0.00028160000510979444,0,0,64,JWTwoSide
122,4by4_cnf/4by4_123.cnf,True,0.00027010000485461205,0,0,64,JWTwoSide
123,4by4_cnf/4by4_124.cnf,True,0.00026169999910052866,0,0,64,JWTwoSide
124,4by4_cnf/4by4_125.cnf,True,0.00028410000959411263,0,0,64,JWTwoSide
125,4by4_cnf/4by4_126.cnf,True,0.00028419999580364674,0,0,64,JWTwoSide
126,4by4_cnf/4by4_127.cnf,True,0.00025129999266937375,0,0,64,JWTwoSide
127,4by4_cnf/4by4_128.cnf,True,0.00026709999656304717,0,0,64,JWTwoSide
128,4by4_cnf/4by4_129.cnf,True,0.0002538000117056072,0,0,64,JWTwoSide
129,4by4_cnf/4by4_130.cnf,True,0.0002795000036712736,0,0,64,JWTwoSide
130,4by4_cnf/4by4_131.cnf,True,0.00027099999715574086,0,0,64,JWTwoSide
131,4by4_cnf/4by4_132.cnf,True,0.0002603999892016873,0,0,64,JWTwoSide
132,4by4_cnf/4by4_133.cnf,True,0.00023389999114442617,0,0,64,JWTwoSide
133,4by4_cnf/4by4_134.cnf,True,0.00023180000425782055,0,0,64,JWTwoSide
134,4by4_cnf/4by4_135.cnf,True,0.00024029999622143805,0,0,64,JWTwoSide
135,4by4_cnf/4by4_136.cnf,True,0.0002364999963901937,0,0,64,JWTwoSide
136,4by4_cnf/4by4_137.cnf,True,0.00026420000358484685,0,0,64,JWTwoSide
137,4by4_cnf/4by4_138.cnf,True,0.0003133999998681247,0,0,64,JWTwoSide
138,4by4_cnf/4by4_139.cnf,True,0.00033400001120753586,0,0,64,JWTwoSide
139,4by4_cnf/4by4_140.cnf,True,0.0002412999892840162,0,0,64,JWTwoSide
140,4by4_cnf/4by4_141.cnf,True,0.00023439999495167285,0,0,64,JWTwoSide
141,4by4_cnf/4by4_142.cnf,True,0.00023749998945277184,0,0,64,JWTwoSide
142,4by4_cnf/4by4_143.cnf,True,0.0002629000082379207,0,0,64,JWTwoSide
143,4by4_cnf/4by4_144.cnf,True,0.00023089999740477651,0,0,64,JWTwoSide
144,4by4_cnf/4by4_145.cnf,True,0.0002443999983370304,0,0,64,JWTwoSide
145,4by4_cnf/4by4_146.cnf,True,0.00023009999131318182,0,0,64,JWTwoSide
146,4by4_cnf/4by4_147.cnf,True,0.00028149998979642987,0,0,64,JWTwoSide
147,4by4_cnf/4by4_148.cnf,True,0.0002528000040911138,0,0,64,JWTwoSide
148,4by4_cnf/4by4_149.cnf,True,0.0002505999873392284,0,0,64,JWTwoSide
149,4by4_cnf/4by4_150.cnf,True,0.00024729999131523073,0,0,64,JWTwoSide
150,4by4_cnf/4by4_151.cnf,True,0.0002471000043442473,0,0,64,JWTwoSide
151,4by4_cnf/4by4_152.cnf,True,0.0002263999922433868,0,0,64,JWTwoSide
152,4by4_cnf/4by4_153.cnf,True,0.0004302000015741214,0,0,64,JWTwoSide
153,4by4_cnf/4by4_154.cnf,True,0.00024369999300688505,0,0,64,JWTwoSide
154,4by4_cnf/4by4_155.cnf,True,0.0002708999963942915,0,0,64,JWTwoSide
155,4by4_cnf/4by4_156.cnf,True,0.0002690999972401187,0,0,64,JWTwoSide
156,4by4_cnf/4by4_157.cnf,True,0.0002815999905578792,0,0,64,JWTwoSide
157,4by4_cnf/4by4_158.cnf,True,0.0002657000004546717,0,0,64,JWTwoSide
158,4by4_cnf/4by4_159.cnf,True,0.00023009999131318182,0,0,64,JWTwoSide
159,4by4_cnf/4by4_160.cnf,True,0.00022529999841935933,0,0,64,JWTwoSide
160,4by4_cnf/4by4_161.cnf,True,0.0002234999992651865,0,0,64,JWTwoSide
161,4by4_cnf/4by4_162.cnf,True,0.00023079999664332718,0,0,64,JWTwoSide
162,4by4_cnf/4by4_163.cnf,True,0.0002572999947005883,0,0,64,JWTwoSide
163,4by4_cnf/4by4_164.cnf,True,0.00024810001195874065,0,0,64,JWTwoSide
164,4by4_cnf/4by4_165.cnf,True,0.00023190000501926988,0,0,64,JWTwoSide
165,4by4_cnf/4by4_166.cnf,True,0.00022679999528918415,0,0,64,JWTwoSide
166,4by4_cnf/4by4_167.cnf,True,0.00027570000384002924,0,0,64,JWTwoSide
167,4by4_cnf/4by4_168.cnf,True,0.00024759999359957874,0,0,64,JWTwoSide
168,4by4_cnf/4by4_169.cnf,True,0.00022050000552553684,0,0,64,JWTwoSide
169,4by4_cnf/4by4_170.cnf,True,0.0002914000069722533,0,0,64,JWTwoSide
170,4by4_cnf/4by4_171.cnf,True,0.0002671999973244965,0,0,64,JWTwoSide
171,4by4_cnf/4by4_172.cnf,True,0.00027299999783281237,0,0,64,JWTwoSide
172,4by4_cnf/4by4_173.cnf,True,0.00023079999664332718,0,0,64,JWTwoSide
173,4by4_cnf/4by4_174.cnf,True,0.00023940000392030925,0,0,64,JWTwoSide
174,4by4_cnf/4by4_175.cnf,True,0.0002398000069661066,0,0,64,JWTwoSide
175,4by4_cnf/4by4_176.cnf,True,0.00022360000002663583,0,0,64,JWTwoSide
176,4by4_cnf/4by4_177.cnf,True,0.00027119999867863953,0,0,64,JWTwoSide
177,4by4_cnf/4by4_178.cnf,True,0.0002586999908089638,0,0,64,JWTwoSide
178,4by4_cnf/4by4_179.cnf,True,0.0002195999986724928,0,0,64,JWTwoSide
179,4by4_cnf/4by4_180.cnf,True,0.00022629999148193747,0,0,64,JWTwoSide
180,4by4_cnf/4by4_181.cnf,True,0.00024130000383593142,0,0,64,JWTwoSide
181,4by4_cnf/4by4_182.cnf,True,0.0002707999956328422,0,0,64,JWTwoSide
182,4by4_cnf/4by4_183.cnf,True,0.00023630000941921026,0,0,64,JWTwoSide
183,4by4_cnf/4by4_184.cnf,True,0.00024500000290572643,0,0,64,JWTwoSide
184,4by4_cnf/4by4_185.cnf,True,0.00022899999748915434,0,0,64,JWTwoSide
185,4by4_cnf/4by4_186.cnf,True,0.00026270000671502203,0,0,64,JWTwoSide
186,4by4_cnf/4by4_187.cnf,True,0.00022760000138077885,0,0,64,JWTwoSide
187,4by4_cnf/4by4_188.cnf,True,0.00023330000112764537,0,0,64,JWTwoSide
188,4by4_cnf/4by4_189.cnf,True,0.0002294000005349517,0,0,64,JWTwoSide
189,4by4_cnf/4by4_190.cnf,True,0.00022600000374950469,0,0,64,JWTwoSide
190,4by4_cnf/4by4_191.cnf,True,0.0002460999967297539,0,0,64,JWTwoSide
191,4by4_cnf/4by4_192.cnf,True,0.00026530001196078956,0,0,64,JWTwoSide
192,4by4_cnf/4by4_193.cnf,True,0.00022649999300483614,0,0,64,JWTwoSide
193,4by4_cnf/4by4_194.cnf,True,0.00026080000679939985,0,0,64,JWTwoSide
194,4by4_cnf/4by4_195.cnf,True,0.0002378999924985692,0,0,64,JWTwoSide
195,4by4_cnf/4by4_196.cnf,True,0.00026590000197757035,0,0,64,JWTwoSide
196,4by4_cnf/4by4_197.cnf,True,0.0002632999967318028,0,0,64,JWTwoSide
197,4by4_cnf/4by4_198.cnf,True,0.00025040000036824495,0,0,64,JWTwoSide
198,4by4_cnf/4by4_199.cnf,True,0.0002669000095920637,0,0,64,JWTwoSide
199,4by4_cnf/4by4_200.cnf,True,0.000269199998001568,0,0,64,JWTwoSide
200,4by4_cnf/4by4_201.cnf,True,0.00029260000155773014,0,0,64,JWTwoSide
201,4by4_cnf/4by4_202.cnf,True,0.00036189999082125723,0,0,64,JWTwoSide
202,4by4_cnf/4by4_203.cnf,True,0.0002558000123826787,0,0,64,JWTwoSide
203,4by4_cnf/4by4_204.cnf,True,0.00031960000342223793,0,0,64,JWTwoSide
204,4by4_cnf/4by4_205.cnf,True,0.00022929999977350235,0,0,64,JWTwoSide
205,4by4_cnf/4by4_206.cnf,True,0.00023240000882651657,0,0,64,JWTwoSide
206,4by4_cnf/4by4_207.cnf,True,0.00023409999266732484,0,0,64,JWTwoSide
207,4by4_cnf/4by4_208.cnf,True,0.00026950000028591603,0,0,64,JWTwoSide
208,4by4_cnf/4by4_209.cnf,True,0.00026330001128371805,0,0,64,JWTwoSide
209,4by4_cnf/4by4_210.cnf,True,0.0002826999989338219,0,0,64,JWTwoSide
210,4by4_cnf/4by4_211.cnf,True,0.0002477999951224774,0,0,64,JWTwoSide
211,4by4_cnf/4by4_212.cnf,True,0.0002888000017264858,0,0,64,JWTwoSide
212,4by4_cnf/4by4_213.cnf,True,0.00026599998818710446,0,0,64,JWTwoSide
213,4by4_cnf/4by4_214.cnf,True,0.0002539999986765906,0,0,64,JWTwoSide
214,4by4_cnf/4by4_215.cnf,True,0.0002437999937683344,0,0,64,JWTwoSide
215,4by4_cnf/4by4_216.cnf,True,0.0002851000026566908,0,0,64,JWTwoSide
216,4by4_cnf/4by4_217.cnf,True,0.00023829999554436654,0,0,64,JWTwoSide
217,4by4_cnf/4by4_218.cnf,True,0.00027209999097976834,0,0,64,JWTwoSide
218,4by4_cnf/4by4_219.cnf,True,0.0002876999933505431,0,0,64,JWTwoSide
219,4by4_cnf/4by4_220.cnf,True,0.00023659999715164304,0,0,64,JWTwoSide
220,4by4_cnf/4by4_221.cnf,True,0.0002393000031588599,0,0,64,JWTwoSide
221,4by4_cnf/4by4_222.cnf,True,0.00026559999969322234,0,0,64,JWTwoSide
222,4by4_cnf/4by4_223.cnf,True,0.0002604000037536025,0,0,64,JWTwoSide
223,4by4_cnf/4by4_224.cnf,True,0.00023520000104326755,0,0,64,JWTwoSide
224,4by4_cnf/4by4_225.cnf,True,0.00028610001027118415,0,0,64,JWTwoSide
225,4by4_cnf/4by4_226.cnf,True,0.0002364999963901937,0,0,64,JWTwoSide
226,4by4_cnf/4by4_227.cnf,True,0.00026699999580159783,0,0,64,JWTwoSide
227,4by4_cnf/4by4_228.cnf,True,0.0002806999982567504,0,0,64,JWTwoSide
228,4by4_cnf/4by4_229.cnf,True,0.00024480000138282776,0,0,64,JWTwoSide
229,4by4_cnf/4by4_230.cnf,True,0.0002474000066285953,0,0,64,JWTwoSide
230,4by4_cnf/4by4_231.cnf,True,0.0002964999875985086,0,0,64,JWTwoSide
231,4by4_cnf/4by4_232.cnf,True,0.00024590000975877047,0,0,64,JWTwoSide
232,4by4_cnf/4by4_233.cnf,True,0.00025070000265259296,0,0,64,JWTwoSide
233,4by4_cnf/4by4_234.cnf,True,0.0002491000050213188,0,0,64,JWTwoSide
234,4by4_cnf/4by4_235.cnf,True,0.00023669999791309237,0,0,64,JWTwoSide
235,4by4_cnf/4by4_236.cnf,True,0.00027400000544730574,0,0,64,JWTwoSide
236,4by4_cnf/4by4_237.cnf,True,0.0002758000046014786,0,0,64,JWTwoSide
237,4by4_cnf/4by4_238.cnf,True,0.0002528999903006479,0,0,64,JWTwoSide
238,4by4_cnf/4by4_239.cnf,True,0.00029690000519622117,0,0,64,JWTwoSide
239,4by4_cnf/4by4_240.cnf,True,0.0002367999986745417,0,0,64,JWTwoSide
240,4by4_cnf/4by4_241.cnf,True,0.0002710999979171902,0,0,64,JWTwoSide
241,4by4_cnf/4by4_242.cnf,True,0.00025329999334644526,0,0,64,JWTwoSide
242,4by4_cnf/4by4_243.cnf,True,0.00024610001128166914,0,0,64,JWTwoSide
243,4by4_cnf/4by4_244.cnf,True,0.0002810000005410984,0,0,64,JWTwoSide
244,4by4_cnf/4by4_245.cnf,True,0.0002855000057024881,0,0,64,JWTwoSide
245,4by4_cnf/4by4_246.cnf,True,0.0002443999983370304,0,0,64,JWTwoSide
246,4by4_cnf/4by4_247.cnf,True,0.0002764999953797087,0,0,64,JWTwoSide
247,4by4_cnf/4by4_248.cnf,True,0.00024359999224543571,0,0,64,JWTwoSide
248,4by4_cnf/4by4_249.cnf,True,0.0002491000050213188,0,0,64,JWTwoSide
249,4by4_cnf/4by4_250.cnf,True,0.0002390000008745119,0,0,64,JWTwoSide
250,4by4_cnf/4by4_251.cnf,True,0.00029630000062752515,0,0,64,JWTwoSide
251,4by4_cnf/4by4_252.cnf,True,0.00023780000628903508,0,0,64,JWTwoSide
252,4by4_cnf/4by4_253.cnf,True,0.0002781000075628981,0,0,64,JWTwoSide
253,4by4_cnf/4by4_254.cnf,True,0.00025769999774638563,0,0,64,JWTwoSide
254,4by4_cnf/4by4_255.cnf,True,0.00026139999681618065,0,0,64,JWTwoSide
255,4by4_cnf/4by4_256.cnf,True,0.0002384999970672652,0,0,64,JWTwoSide
256,4by4_cnf/4by4_257.cnf,True,0.00029009999707341194,0,0,64,JWTwoSide
257,4by4_cnf/4by4_258.cnf,True,0.00023740000324323773,0,0,64,JWTwoSide
258,4by4_cnf/4by4_259.cnf,True,0.0002280000044265762,0,0,64,JWTwoSide
259,4by4_cnf/4by4_260.cnf,True,0.00026590000197757035,0,0,64,JWTwoSide
260,4by4_cnf/4by4_261.cnf,True,0.00023090001195669174,0,0,64,JWTwoSide
261,4by4_cnf/4by4_262.cnf,True,0.00025969999842345715,0,0,64,JWTwoSide
262,4by4_cnf/4by4_263.cnf,True,0.0002958999975817278,0,0,64,JWTwoSide
263,4by4_cnf/4by4_264.cnf,True,0.000265199996647425,0,0,64,JWTwoSide
264,4by4_cnf/4by4_265.cnf,True,0.00027289999707136303,0,0,64,JWTwoSide
265,4by4_cnf/4by4_266.cnf,True,0.000229199999012053,0,0,64,JWTwoSide
266,4by4_cnf/4by4_267.cnf,True,0.00026709999656304717,0,0,64,JWTwoSide
267,4by4_cnf/4by4_268.cnf,True,0.0002565000031609088,0,0,64,JWTwoSide
268,4by4_cnf/4by4_269.cnf,True,0.00026300000899937004,0,0,64,JWTwoSide
269,4by4_cnf/4by4_270.cnf,True,0.00023689999943599105,0,0,64,JWTwoSide
270,4by4_cnf/4by4_271.cnf,True,0.0002775999892037362,0,0,64,JWTwoSide
271,4by4_cnf/4by4_272.cnf,True,0.00027150000096298754,0,0,64,JWTwoSide
272,4by4_cnf/4by4_273.cnf,True,0.0002499999973224476,0,0,64,JWTwoSide
273,4by4_cnf/4by4_274.cnf,True,0.00028049999673385173,0,0,64,JWTwoSide
274,4by4_cnf/4by4_275.cnf,True,0.00033149999217130244,0,0,64,JWTwoSide
275,4by4_cnf/4by4_276.cnf,True,0.00030520001018885523,0,0,64,JWTwoSide
276,4by4_cnf/4by4_277.cnf,True,0.00043559999903663993,0,0,64,JWTwoSide
277,4by4_cnf/4by4_278.cnf,True,0.0003117000014754012,0,0,64,JWTwoSide
278,4by4_cnf/4by4_279.cnf,True,0.00048519999836571515,0,0,64,JWTwoSide
279,4by4_cnf/4by4_280.cnf,True,0.00031999999191612005,0,0,64,JWTwoSide
280,4by4_cnf/4by4_281.cnf,True,0.00025349999486934394,0,0,64,JWTwoSide
281,4by4_cnf/4by4_282.cnf,True,0.00024510000366717577,0,0,64,JWTwoSide
282,4by4_cnf/4by4_283.cnf,True,0.0002680999896256253,0,0,64,JWTwoSide
283,4by4_cnf/4by4_284.cnf,True,0.0002710999979171902,0,0,64,JWTwoSide
284,4by4_cnf/4by4_285.cnf,True,0.0002759000053629279,0,0,64,JWTwoSide
285,4by4_cnf/4by4_286.cnf,True,0.00024419999681413174,0,0,64,JWTwoSide
286,4by4_cnf/4by4_287.cnf,True,0.00023949999012984335,0,0,64,JWTwoSide
287,4by4_cnf/4by4_288.cnf,True,0.0002775000029942021,0,0,64,JWTwoSide
288,4by4_cnf/4by4_289.cnf,True,0.00024220001068897545,0,0,64,JWTwoSide
289,4by4_cnf/4by4_290.cnf,True,0.00028789999487344176,0,0,64,JWTwoSide
290,4by4_cnf/4by4_291.cnf,True,0.0002738999901339412,0,0,64,JWTwoSide
291,4by4_cnf/4by4_292.cnf,True,0.00023489999875891954,0,0,64,JWTwoSide
292,4by4_cnf/4by4_293.cnf,True,0.0002373000024817884,0,0,64,JWTwoSide
293,4by4_cnf/4by4_294.cnf,True,0.000255000006291084,0,0,64,JWTwoSide
294,4by4_cnf/4by4_295.cnf,True,0.00024059999850578606,0,0,64,JWTwoSide
295,4by4_cnf/4by4_296.cnf,True,0.0002528999903006479,0,0,64,JWTwoSide
296,4by4_cnf/4by4_297.cnf,True,0.00025949999690055847,0,0,64,JWTwoSide
297,4by4_cnf/4by4_298.cnf,True,0.0002376000047661364,0,0,64,JWTwoSide
298,4by4_cnf/4by4_299.cnf,True,0.00027380000392440706,0,0,64,JWTwoSide
299,4by4_cnf/4by4_300.cnf,True,0.00023389999114442617,0,0,64,JWTwoSide
300,4by4_cnf/4by4_301.cnf,True,0.00023770000552758574,0,0,64,JWTwoSide
301,4by4_cnf/4by4_302.cnf,True,0.0002449000021442771,0,0,64,JWTwoSide
302,4by4_cnf/4by4_303.cnf,True,0.00024300000222865492,0,0,64,JWTwoSide
303,4by4_cnf/4by4_304.cnf,True,0.00026440000510774553,0,0,64,JWTwoSide
304,4by4_cnf/4by4_305.cnf,True,0.00028500000189524144,0,0,64,JWTwoSide
305,4by4_cnf/4by4_306.cnf,True,0.0002734000008786097,0,0,64,JWTwoSide
306,4by4_cnf/4by4_307.cnf,True,0.0002570999931776896,0,0,64,JWTwoSide
307,4by4_cnf/4by4_308.cnf,True,0.0002812999882735312,0,0,64,JWTwoSide
308,4by4_cnf/4by4_309.cnf,True,0.00024509998911526054,0,0,64,JWTwoSide
309,4by4_cnf/4by4_310.cnf,True,0.0002813000028254464,0,0,64,JWTwoSide
310,4by4_cnf/4by4_311.cnf,True,0.00029799999902024865,0,0,64,JWTwoSide
311,4by4_cnf/4by4_312.cnf,True,0.0002435000060359016,0,0,64,JWTwoSide
312,4by4_cnf/4by4_313.cnf,True,0.00023950000468175858,0,0,64,JWTwoSide
313,4by4_cnf/4by4_314.cnf,True,0.00028300000121816993,0,0,64,JWTwoSide
314,4by4_cnf/4by4_315.cnf,True,0.000275699989288114,0,0,64,JWTwoSide
315,4by4_cnf/4by4_316.cnf,True,0.0004358000005595386,0,0,64,JWTwoSide
316,4by4_cnf/4by4_317.cnf,True,0.000382099999114871,0,0,64,JWTwoSide
317,4by4_cnf/4by4_318.cnf,True,0.00033719999191816896,0,0,64,JWTwoSide
318,4by4_cnf/4by4_319.cnf,True,0.0003749000024981797,0,0,64,JWTwoSide
319,4by4_cnf/4by4_320.cnf,True,0.0003601000062189996,0,0,64,JWTwoSide
320,4by4_cnf/4by4_321.cnf,True,0.0002590999938547611,0,0,64,JWTwoSide
321,4by4_cnf/4by4_322.cnf,True,0.00028560000646393746,0,0,64,JWTwoSide
322,4by4_cnf/4by4_323.cnf,True,0.000232299993513152,0,0,64,JWTwoSide
323,4by4_cnf/4by4_324.cnf,True,0.000254700004006736,0,0,64,JWTwoSide
324,4by4_cnf/4by4_325.cnf,True,0.00024170000688172877,0,0,64,JWTwoSide
325,4by4_cnf/4by4_326.cnf,True,0.0002584999892860651,0,0,64,JWTwoSide
326,4by4_cnf/4by4_327.cnf,True,0.0002586999908089638,0,0,64,JWTwoSide
327,4by4_cnf/4by4_328.cnf,True,0.0002415000053588301,0,0,64,JWTwoSide
328,4by4_cnf/4by4_329.cnf,True,0.00025009999808389693,0,0,64,JWTwoSide
329,4by4_cnf/4by4_330.cnf,True,0.00026050000451505184,0,0,64,JWTwoSide
330,4by4_cnf/4by4_331.cnf,True,0.00027129999944008887,0,0,64,JWTwoSide
331,4by4_cnf/4by4_332.cnf,True,0.00024049999774433672,0,0,64,JWTwoSide
332,4by4_cnf/4by4_333.cnf,True,0.0002463999990141019,0,0,64,JWTwoSide
333,4by4_cnf/4by4_334.cnf,True,0.000265499998931773,0,0,64,JWTwoSide
334,4by4_cnf/4by4_335.cnf,True,0.00027060000866185874,0,0,64,JWTwoSide
335,4by4_cnf/4by4_336.cnf,True,0.00024290000146720558,0,0,64,JWTwoSide
336,4by4_cnf/4by4_337.cnf,True,0.00026640000578481704,0,0,64,JWTwoSide
337,4by4_cnf/4by4_338.cnf,True,0.0002437999937683344,0,0,64,JWTwoSide
338,4by4_cnf/4by4_339.cnf,True,0.00023240000882651657,0,0,64,JWTwoSide
339,4by4_cnf/4by4_340.cnf,True,0.0002688000095076859,0,0,64,JWTwoSide
340,4by4_cnf/4by4_341.cnf,True,0.00029799999902024865,0,0,64,JWTwoSide
341,4by4_cnf/4by4_342.cnf,True,0.0002505000011296943,0,0,64,JWTwoSide
342,4by4_cnf/4by4_343.cnf,True,0.00027660001069307327,0,0,64,JWTwoSide
343,4by4_cnf/4by4_344.cnf,True,0.00025969999842345715,0,0,64,JWTwoSide
344,4by4_cnf/4by4_345.cnf,True,0.0002671000111149624,0,0,64,JWTwoSide
345,4by4_cnf/4by4_346.cnf,True,0.00025830000231508166,0,0,64,JWTwoSide
346,4by4_cnf/4by4_347.cnf,True,0.0002640000020619482,0,0,64,JWTwoSide
347,4by4_cnf/4by4_348.cnf,True,0.0002334000018890947,0,0,64,JWTwoSide
348,4by4_cnf/4by4_349.cnf,True,0.0002840000088326633,0,0,64,JWTwoSide
349,4by4_cnf/4by4_350.cnf,True,0.0002469000028213486,0,0,64,JWTwoSide
350,4by4_cnf/4by4_351.cnf,True,0.00026679999427869916,0,0,64,JWTwoSide
351,4by4_cnf/4by4_352.cnf,True,0.0002671000111149624,0,0,64,JWTwoSide
352,4by4_cnf/4by4_353.cnf,True,0.000229199999012053,0,0,64,JWTwoSide
353,4by4_cnf/4by4_354.cnf,True,0.0003056999994441867,0,0,64,JWTwoSide
354,4by4_cnf/4by4_355.cnf,True,0.00025019999884534627,0,0,64,JWTwoSide
355,4by4_cnf/4by4_356.cnf,True,0.0002342000079806894,0,0,64,JWTwoSide
356,4by4_cnf/4by4_357.cnf,True,0.00031259999377653003,0,0,64,JWTwoSide
357,4by4_cnf/4by4_358.cnf,True,0.0002548999909777194,0,0,64,JWTwoSide
358,4by4_cnf/4by4_359.cnf,True,0.0002894000062951818,0,0,64,JWTwoSide
359,4by4_cnf/4by4_360.cnf,True,0.0002939000114565715,0,0,64,JWTwoSide
360,4by4_cnf/4by4_361.cnf,True,0.0002680999896256253,0,0,64,JWTwoSide
361,4by4_cnf/4by4_362.cnf,True,0.00023659999715164304,0,0,64,JWTwoSide
362,4by4_cnf/4by4_363.cnf,True,0.00023360000341199338,0,0,64,JWTwoSide
363,4by4_cnf/4by4_364.cnf,True,0.00025019999884534627,0,0,64,JWTwoSide
364,4by4_cnf/4by4_365.cnf,True,0.00031570000282954425,0,0,64,JWTwoSide
365,4by4_cnf/4by4_366.cnf,True,0.0002595000114524737,0,0,64,JWTwoSide
366,4by4_cnf/4by4_367.cnf,True,0.00042669998947530985,0,0,64,JWTwoSide
367,4by4_cnf/4by4_368.cnf,True,0.0002798999921651557,0,0,64,JWTwoSide
368,4by4_cnf/4by4_369.cnf,True,0.00026089999300893396,0,0,64,JWTwoSide
369,4by4_cnf/4by4_370.cnf,True,0.0003037999995285645,0,0,64,JWTwoSide
370,4by4_cnf/4by4_371.cnf,True,0.0002728000108618289,0,0,64,JWTwoSide
371,4by4_cnf/4by4_372.cnf,True,0.00027319999935571104,0,0,64,JWTwoSide
372,4by4_cnf/4by4_373.cnf,True,0.00025290000485256314,0,0,64,JWTwoSide
373,4by4_cnf/4by4_374.cnf,True,0.0002452000044286251,0,0,64,JWTwoSide
374,4by4_cnf/4by4_375.cnf,True,0.0002597999991849065,0,0,64,JWTwoSide
375,4by4_cnf/4by4_376.cnf,True,0.0002505000011296943,0,0,64,JWTwoSide
376,4by4_cnf/4by4_377.cnf,True,0.0002488000027369708,0,0,64,JWTwoSide
377,4by4_cnf/4by4_378.cnf,True,0.0002742000069702044,0,0,64,JWTwoSide
378,4by4_cnf/4by4_379.cnf,True,0.0002931000053649768,0,0,64,JWTwoSide
379,4by4_cnf/4by4_380.cnf,True,0.0002758999908110127,0,0,64,JWTwoSide
380,4by4_cnf/4by4_381.cnf,True,0.0003899000003002584,0,0,64,JWTwoSide
381,4by4_cnf/4by4_382.cnf,True,0.0002497999957995489,0,0,64,JWTwoSide
382,4by4_cnf/4by4_383.cnf,True,0.0002482999989297241,0,0,64,JWTwoSide
383,4by4_cnf/4by4_384.cnf,True,0.0002813000028254464,0,0,64,JWTwoSide
384,4by4_cnf/4by4_385.cnf,True,0.0002984999882755801,0,0,64,JWTwoSide
385,4by4_cnf/4by4_386.cnf,True,0.00026640000578481704,0,0,64,JWTwoSide
386,4by4_cnf/4by4_387.cnf,True,0.00024759999359957874,0,0,64,JWTwoSide
387,4by4_cnf/4by4_388.cnf,True,0.0002556999970693141,0,0,64,JWTwoSide
388,4by4_cnf/4by4_389.cnf,True,0.00025690000620670617,0,0,64,JWTwoSide
389,4by4_cnf/4by4_390.cnf,True,0.00029749999521300197,0,0,64,JWTwoSide
390,4by4_cnf/4by4_391.cnf,True,0.0002804000105243176,0,0,64,JWTwoSide
391,4by4_cnf/4by4_392.cnf,True,0.00023520000104326755,0,0,64,JWTwoSide
392,4by4_cnf/4by4_393.cnf,True,0.0002297000028192997,0,0,64,JWTwoSide
393,4by4_cnf/4by4_394.cnf,True,0.00034690000757109374,0,0,64,JWTwoSide
394,4by4_cnf/4by4_395.cnf,True,0.00031289999606087804,0,0,64,JWTwoSide
395,4by4_cnf/4by4_396.cnf,True,0.00028700000257231295,0,0,64,JWTwoSide
396,4by4_cnf/4by4_397.cnf,True,0.00026870000874623656,0,0,64,JWTwoSide
397,4by4_cnf/4by4_398.cnf,True,0.0002506000018911436,0,0,64,JWTwoSide
398,4by4_cnf/4by4_399.cnf,True,0.0002707999956328422,0,0,64,JWTwoSide
399,4by4_cnf/4by4_400.cnf,True,0.00024909999046940356,0,0,64,JWTwoSide
400,4by4_cnf/4by4_401.cnf,True,0.00024160000612027943,0,0,64,JWTwoSide
401,4by4_cnf/4by4_402.cnf,True,0.00024259999918285757,0,0,64,JWTwoSide
402,4by4_cnf/4by4_403.cnf,True,0.00025599999935366213,0,0,64,JWTwoSide
403,4by4_cnf/4by4_404.cnf,True,0.00023440000950358808,0,0,64,JWTwoSide
404,4by4_cnf/4by4_405.cnf,True,0.00026780000189319253,0,0,64,JWTwoSide
405,4by4_cnf/4by4_406.cnf,True,0.0002884999994421378,0,0,64,JWTwoSide
406,4by4_cnf/4by4_407.cnf,True,0.00028979999478906393,0,0,64,JWTwoSide
407,4by4_cnf/4by4_408.cnf,True,0.00024619999749120325,0,0,64,JWTwoSide
408,4by4_cnf/4by4_409.cnf,True,0.00026840000646188855,0,0,64,JWTwoSide
409,4by4_cnf/4by4_410.cnf,True,0.0002234999992651865,0,0,64,JWTwoSide
410,4by4_cnf/4by4_411.cnf,True,0.00023750000400468707,0,0,64,JWTwoSide
411,4by4_cnf/4by4_412.cnf,True,0.0002629999944474548,0,0,64,JWTwoSide
412,4by4_cnf/4by4_413.cnf,True,0.00024090000079013407,0,0,64,JWTwoSide
413,4by4_cnf/4by4_414.cnf,True,0.00025240000104531646,0,0,64,JWTwoSide
414,4by4_cnf/4by4_415.cnf,True,0.00028250001196283847,0,0,64,JWTwoSide
415,4by4_cnf/4by4_416.cnf,True,0.00023359998886007816,0,0,64,JWTwoSide
416,4by4_cnf/4by4_417.cnf,True,0.00026029998844023794,0,0,64,JWTwoSide
417,4by4_cnf/4by4_418.cnf,True,0.00023910000163596123,0,0,64,JWTwoSide
418,4by4_cnf/4by4_419.cnf,True,0.0002423000114504248,0,0,64,JWTwoSide
419,4by4_cnf/4by4_420.cnf,True,0.00023570000485051423,0,0,64,JWTwoSide
420,4by4_cnf/4by4_421.cnf,True,0.00027489999774843454,0,0,64,JWTwoSide
421,4by4_cnf/4by4_422.cnf,True,0.00025379999715369195,0,0,64,JWTwoSide
422,4by4_cnf/4by4_423.cnf,True,0.00028589999419637024,0,0,64,JWTwoSide
423,4by4_cnf/4by4_424.cnf,True,0.0002769999991869554,0,0,64,JWTwoSide
424,4by4_cnf/4by4_425.cnf,True,0.0002657000004546717,0,0,64,JWTwoSide
425,4by4_cnf/4by4_426.cnf,True,0.00032879998616408557,0,0,64,JWTwoSide
426,4by4_cnf/4by4_427.cnf,True,0.000262400004430674,0,0,64,JWTwoSide
427,4by4_cnf/4by4_428.cnf,True,0.00027219999174121767,0,0,64,JWTwoSide
428,4by4_cnf/4by4_429.cnf,True,0.000272599994787015,0,0,64,JWTwoSide
429,4by4_cnf/4by4_430.cnf,True,0.00025779999850783497,0,0,64,JWTwoSide
430,4by4_cnf/4by4_431.cnf,True,0.00027239999326411635,0,0,64,JWTwoSide
431,4by4_cnf/4by4_432.cnf,True,0.0002582000015536323,0,0,64,JWTwoSide
432,4by4_cnf/4by4_433.cnf,True,0.000229199999012053,0,0,64,JWTwoSide
433,4by4_cnf/4by4_434.cnf,True,0.00023469999723602086,0,0,64,JWTwoSide
434,4by4_cnf/4by4_435.cnf,True,0.00023209999199025333,0,0,64,JWTwoSide
435,4by4_cnf/4by4_436.cnf,True,0.0002294000005349517,0,0,64,JWTwoSide
436,4by4_cnf/4by4_437.cnf,True,0.0002339999919058755,0,0,64,JWTwoSide
437,4by4_cnf/4by4_438.cnf,True,0.0003496999997878447,0,0,64,JWTwoSide
438,4by4_cnf/4by4_439.cnf,True,0.0004239999980200082,0,0,64,JWTwoSide
439,4by4_cnf/4by4_440.cnf,True,0.0004582999972626567,0,0,64,JWTwoSide
440,4by4_cnf/4by4_441.cnf,True,0.00044550000166054815,0,0,64,JWTwoSide
441,4by4_cnf/4by4_442.cnf,True,0.0004634000069927424,0,0,64,JWTwoSide
442,4by4_cnf/4by4_443.cnf,True,0.00037349999183788896,0,0,64,JWTwoSide
443,4by4_cnf/4by4_444.cnf,True,0.0002558999985922128,0,0,64,JWTwoSide
444,4by4_cnf/4by4_445.cnf,True,0.00025129999266937375,0,0,64,JWTwoSide
445,4by4_cnf/4by4_446.cnf,True,0.00031879999733064324,0,0,64,JWTwoSide
446,4by4_cnf/4by4_447.cnf,True,0.0003068999940296635,0,0,64,JWTwoSide
447,4by4_cnf/4by4_448.cnf,True,0.0002479999966453761,0,0,64,JWTwoSide
448,4by4_cnf/4by4_449.cnf,True,0.00024309998843818903,0,0,64,JWTwoSide
449,4by4_cnf/4by4_450.cnf,True,0.0002305000089108944,0,0,64,JWTwoSide
450,4by4_cnf/4by4_451.cnf,True,0.00025179999647662044,0,0,64,JWTwoSide
451,4by4_cnf/4by4_452.cnf,True,0.0002570999931776896,0,0,64,JWTwoSide
452,4by4_cnf/4by4_453.cnf,True,0.000262400004430674,0,0,64,JWTwoSide
453,4by4_cnf/4by4_454.cnf,True,0.00023359998886007816,0,0,64,JWTwoSide
454,4by4_cnf/4by4_455.cnf,True,0.0002494000073056668,0,0,64,JWTwoSide
455,4by4_cnf/4by4_456.cnf,True,0.00027200000477023423,0,0,64,JWTwoSide
456,4by4_cnf/4by4_457.cnf,True,0.0002280999906361103,0,0,64,JWTwoSide
457,4by4_cnf/4by4_458.cnf,True,0.00023179998970590532,0,0,64,JWTwoSide
458,4by4_cnf/4by4_459.cnf,True,0.00027459999546408653,0,0,64,JWTwoSide
459,4by4_cnf/4by4_460.cnf,True,0.00022840000747237355,0,0,64,JWTwoSide
460,4by4_cnf/4by4_461.cnf,True,0.0002708000101847574,0,0,64,JWTwoSide
461,4by4_cnf/4by4_462.cnf,True,0.00026000000070780516,0,0,64,JWTwoSide
462,4by4_cnf/4by4_463.cnf,True,0.0002631999959703535,0,0,64,JWTwoSide
463,4by4_cnf/4by4_464.cnf,True,0.00028709998878184706,0,0,64,JWTwoSide
464,4by4_cnf/4by4_465.cnf,True,0.000268299991148524,0,0,64,JWTwoSide
465,4by4_cnf/4by4_466.cnf,True,0.00026339999749325216,0,0,64,JWTwoSide
466,4by4_cnf/4by4_467.cnf,True,0.0002395999908912927,0,0,64,JWTwoSide
467,4by4_cnf/4by4_468.cnf,True,0.00024449999909847975,0,0,64,JWTwoSide
468,4by4_cnf/4by4_469.cnf,True,0.00028399999428074807,0,0,64,JWTwoSide
469,4by4_cnf/4by4_470.cnf,True,0.0002911000046879053,0,0,64,JWTwoSide
470,4by4_cnf/4by4_471.cnf,True,0.0002868000010494143,0,0,64,JWTwoSide
471,4by4_cnf/4by4_472.cnf,True,0.00027520000003278255,0,0,64,JWTwoSide
472,4by4_cnf/4by4_473.cnf,True,0.00024210000992752612,0,0,64,JWTwoSide
473,4by4_cnf/4by4_474.cnf,True,0.0002454999921610579,0,0,64,JWTwoSide
474,4by4_cnf/4by4_475.cnf,True,0.0002592000091681257,0,0,64,JWTwoSide
475,4by4_cnf/4by4_476.cnf,True,0.000305800000205636,0,0,64,JWTwoSide
476,4by4_cnf/4by4_477.cnf,True,0.00024389999452978373,0,0,64,JWTwoSide
477,4by4_cnf/4by4_478.cnf,True,0.00031350000062957406,0,0,64,JWTwoSide
478,4by4_cnf/4by4_479.cnf,True,0.0002767999976640567,0,0,64,JWTwoSide
479,4by4_cnf/4by4_480.cnf,True,0.00027180000324733555,0,0,64,JWTwoSide
480,4by4_cnf/4by4_481.cnf,True,0.00026000000070780516,0,0,64,JWTwoSide
481,4by4_cnf/4by4_482.cnf,True,0.00024369999300688505,0,0,64,JWTwoSide
482,4by4_cnf/4by4_483.cnf,True,0.00026139999681618065,0,0,64,JWTwoSide
483,4by4_cnf/4by4_484.cnf,True,0.00024560000747442245,0,0,64,JWTwoSide
484,4by4_cnf/4by4_485.cnf,True,0.0003218000056222081,0,0,64,JWTwoSide
485,4by4_cnf/4by4_486.cnf,True,0.00033740000799298286,0,0,64,JWTwoSide
486,4by4_cnf/4by4_487.cnf,True,0.00028920000477228314,0,0,64,JWTwoSide
487,4by4_cnf/4by4_488.cnf,True,0.00042949999624397606,0,0,64,JWTwoSide
488,4by4_cnf/4by4_489.cnf,True,0.0002835000050254166,0,0,64,JWTwoSide
489,4by4_cnf/4by4_490.cnf,True,0.00026980000257026404,0,0,64,JWTwoSide
490,4by4_cnf/4by4_491.cnf,True,0.0002834999904735014,0,0,64,JWTwoSide
491,4by4_cnf/4by4_492.cnf,True,0.00024370000755880028,0,0,64,JWTwoSide
492,4by4_cnf/4by4_493.cnf,True,0.0002877999941119924,0,0,64,JWTwoSide
493,4by4_cnf/4by4_494.cnf,True,0.0003335000074002892,0,0,64,JWTwoSide
494,4by4_cnf/4by4_495.cnf,True,0.00036720000207424164,0,0,64,JWTwoSide
495,4by4_cnf/4by4_496.cnf,True,0.0002831999881891534,0,0,64,JWTwoSide
496,4by4_cnf/4by4_497.cnf,True,0.0002884999994421378,0,0,64,JWTwoSide
497,4by4_cnf/4by4_498.cnf,True,0.000298099999781698,0,0,64,JWTwoSide
498,4by4_cnf/4by4_499.cnf,True,0.0002871999895432964,0,0,64,JWTwoSide
499,4by4_cnf/4by4_500.cnf,True,0.00030980000155977905,0,0,64,JWTwoSide
500,4by4_cnf/4by4_501.cnf,True,0.00026280000747647136,0,0,64,JWTwoSide
501,4by4_cnf/4by4_502.cnf,True,0.00042949999624397606,0,0,64,JWTwoSide
502,4by4_cnf/4by4_503.cnf,True,0.0003279999946244061,0,0,64,JWTwoSide
503,4by4_cnf/4by4_504.cnf,True,0.0002815999905578792,0,0,64,JWTwoSide
504,4by4_cnf/4by4_505.cnf,True,0.00026709999656304717,0,0,64,JWTwoSide
505,4by4_cnf/4by4_506.cnf,True,0.0002376000047661364,0,0,64,JWTwoSide
506,4by4_cnf/4by4_507.cnf,True,0.0002567000046838075,0,0,64,JWTwoSide
507,4by4_cnf/4by4_508.cnf,True,0.0002330999996047467,0,0,64,JWTwoSide
508,4by4_cnf/4by4_509.cnf,True,0.00027039999258704484,0,0,64,JWTwoSide
509,4by4_cnf/4by4_510.cnf,True,0.00026009998691733927,0,0,64,JWTwoSide
510,4by4_cnf/4by4_511.cnf,True,0.000302100001135841,0,0,64,JWTwoSide
511,4by4_cnf/4by4_512.cnf,True,0.0002482999989297241,0,0,64,JWTwoSide
512,4by4_cnf/4by4_513.cnf,True,0.0002471999905537814,0,0,64,JWTwoSide
513,4by4_cnf/4by4_514.cnf,True,0.0005339000053936616,0,0,64,JWTwoSide
514,4by4_cnf/4by4_515.cnf,True,0.00045399999362416565,0,0,64,JWTwoSide
515,4by4_cnf/4by4_516.cnf,True,0.00039039998955558985,0,0,64,JWTwoSide
516,4by4_cnf/4by4_517.cnf,True,0.00029599999834317714,0,0,64,JWTwoSide
517,4by4_cnf/4by4_518.cnf,True,0.00025660000392235816,0,0,64,JWTwoSide
518,4by4_cnf/4by4_519.cnf,True,0.00026369999977760017,0,0,64,JWTwoSide
519,4by4_cnf/4by4_520.cnf,True,0.0003181000065524131,0,0,64,JWTwoSide
520,4by4_cnf/4by4_521.cnf,True,0.00028649999876506627,0,0,64,JWTwoSide
521,4by4_cnf/4by4_522.cnf,True,0.00024219999613706023,0,0,64,JWTwoSide
522,4by4_cnf/4by4_523.cnf,True,0.0002862999972421676,0,0,64,JWTwoSide
523,4by4_cnf/4by4_524.cnf,True,0.00024589999520685524,0,0,64,JWTwoSide
524,4by4_cnf/4by4_525.cnf,True,0.00028279999969527125,0,0,64,JWTwoSide
525,4by4_cnf/4by4_526.cnf,True,0.0002843999973265454,0,0,64,JWTwoSide
526,4by4_cnf/4by4_527.cnf,True,0.000275999991572462,0,0,64,JWTwoSide
527,4by4_cnf/4by4_528.cnf,True,0.0002837999927578494,0,0,64,JWTwoSide
528,4by4_cnf/4by4_529.cnf,True,0.00027889999910257757,0,0,64,JWTwoSide
529,4by4_cnf/4by4_530.cnf,True,0.00027550000231713057,0,0,64,JWTwoSide
530,4by4_cnf/4by4_531.cnf,True,0.0002310999989276752,0,0,64,JWTwoSide
531,4by4_cnf/4by4_532.cnf,True,0.00023689999943599105,0,0,64,JWTwoSide
532,4by4_cnf/4by4_533.cnf,True,0.0003349999897181988,0,0,64,JWTwoSide
533,4by4_cnf/4by4_534.cnf,True,0.0002570000069681555,0,0,64,JWTwoSide
534,4by4_cnf/4by4_535.cnf,True,0.0002840999950421974,0,0,64,JWTwoSide
535,4by4_cnf/4by4_536.cnf,True,0.00026529999740887433,0,0,64,JWTwoSide
536,4by4_cnf/4by4_537.cnf,True,0.00029669998912140727,0,0,64,JWTwoSide
537,4by4_cnf/4by4_538.cnf,True,0.0002517000102670863,0,0,64,JWTwoSide
538,4by4_cnf/4by4_539.cnf,True,0.00029909999284427613,0,0,64,JWTwoSide
539,4by4_cnf/4by4_540.cnf,True,0.00028410000959411263,0,0,64,JWTwoSide
540,4by4_cnf/4by4_541.cnf,True,0.00026869999419432133,0,0,64,JWTwoSide
541,4by4_cnf/4by4_542.cnf,True,0.0002635000128066167,0,0,64,JWTwoSide
542,4by4_cnf/4by4_543.cnf,True,0.0002589000068837777,0,0,64,JWTwoSide
543,4by4_cnf/4by4_544.cnf,True,0.0002690999972401187,0,0,64,JWTwoSide
544,4by4_cnf/4by4_545.cnf,True,0.0002849000011337921,0,0,64,JWTwoSide
545,4by4_cnf/4by4_546.cnf,True,0.0003043999895453453,0,0,64,JWTwoSide
546,4by4_cnf/4by4_547.cnf,True,0.00023839999630581588,0,0,64,JWTwoSide
547,4by4_cnf/4by4_548.cnf,True,0.000298700004350394,0,0,64,JWTwoSide
548,4by4_cnf/4by4_549.cnf,True,0.00024530000519007444,0,0,64,JWTwoSide
549,4by4_cnf/4by4_550.cnf,True,0.0002888000017264858,0,0,64,JWTwoSide
550,4by4_cnf/4by4_551.cnf,True,0.0002699999895412475,0,0,64,JWTwoSide
551,4by4_cnf/4by4_552.cnf,True,0.0003512999974191189,0,0,64,JWTwoSide
552,4by4_cnf/4by4_553.cnf,True,0.00026699999580159783,0,0,64,JWTwoSide
553,4by4_cnf/4by4_554.cnf,True,0.0003184999950462952,0,0,64,JWTwoSide
554,4by4_cnf/4by4_555.cnf,True,0.0002525999880162999,0,0,64,JWTwoSide
555,4by4_cnf/4by4_556.cnf,True,0.00026000000070780516,0,0,64,JWTwoSide
556,4by4_cnf/4by4_557.cnf,True,0.0003129999968223274,0,0,64,JWTwoSide
557,4by4_cnf/4by4_558.cnf,True,0.0002562000008765608,0,0,64,JWTwoSide
558,4by4_cnf/4by4_559.cnf,True,0.00026729999808594584,0,0,64,JWTwoSide
559,4by4_cnf/4by4_560.cnf,True,0.0002386999985901639,0,0,64,JWTwoSide
560,4by4_cnf/4by4_561.cnf,True,0.00026960000104736537,0,0,64,JWTwoSide
561,4by4_cnf/4by4_562.cnf,True,0.00025800000003073364,0,0,64,JWTwoSide
562,4by4_cnf/4by4_563.cnf,True,0.00023910000163596123,0,0,64,JWTwoSide
563,4by4_cnf/4by4_564.cnf,True,0.0003031999949598685,0,0,64,JWTwoSide
564,4by4_cnf/4by4_565.cnf,True,0.0002646000066306442,0,0,64,JWTwoSide
565,4by4_cnf/4by4_566.cnf,True,0.00032279999868478626,0,0,64,JWTwoSide
566,4by4_cnf/4by4_567.cnf,True,0.0002973000082420185,0,0,64,JWTwoSide
567,4by4_cnf/4by4_568.cnf,True,0.00024670000129844993,0,0,64,JWTwoSide
568,4by4_cnf/4by4_569.cnf,True,0.0002523000002838671,0,0,64,JWTwoSide
569,4by4_cnf/4by4_570.cnf,True,0.0002781999937724322,0,0,64,JWTwoSide
570,4by4_cnf/4by4_571.cnf,True,0.00023180000425782055,0,0,64,JWTwoSide
571,4by4_cnf/4by4_572.cnf,True,0.00023370000417344272,0,0,64,JWTwoSide
572,4by4_cnf/4by4_573.cnf,True,0.0002460999967297539,0,0,64,JWTwoSide
573,4by4_cnf/4by4_574.cnf,True,0.00025689999165479094,0,0,64,JWTwoSide
574,4by4_cnf/4by4_575.cnf,True,0.00024340000527445227,0,0,64,JWTwoSide
575,4by4_cnf/4by4_576.cnf,True,0.0002697000018088147,0,0,64,JWTwoSide
576,4by4_cnf/4by4_577.cnf,True,0.0002931000053649768,0,0,64,JWTwoSide
577,4by4_cnf/4by4_578.cnf,True,0.00030250000418163836,0,0,64,JWTwoSide
578,4by4_cnf/4by4_579.cnf,True,0.0002474000066285953,0,0,64,JWTwoSide
579,4by4_cnf/4by4_580.cnf,True,0.000301499996567145,0,0,64,JWTwoSide
580,4by4_cnf/4by4_581.cnf,True,0.00025689999165479094,0,0,64,JWTwoSide
581,4by4_cnf/4by4_582.cnf,True,0.0002910999901359901,0,0,64,JWTwoSide
582,4by4_cnf/4by4_583.cnf,True,0.00024369999300688505,0,0,64,JWTwoSide
583,4by4_cnf/4by4_584.cnf,True,0.00026229998911730945,0,0,64,JWTwoSide
584,4by4_cnf/4by4_585.cnf,True,0.0002455999929225072,0,0,64,JWTwoSide
585,4by4_cnf/4by4_586.cnf,True,0.0002393000031588599,0,0,64,JWTwoSide
586,4by4_cnf/4by4_587.cnf,True,0.00026790000265464187,0,0,64,JWTwoSide
587,4by4_cnf/4by4_588.cnf,True,0.00024819999816827476,0,0,64,JWTwoSide
588,4by4_cnf/4by4_589.cnf,True,0.00026359999901615083,0,0,64,JWTwoSide
589,4by4_cnf/4by4_590.cnf,True,0.0002783999952953309,0,0,64,JWTwoSide
590,4by4_cnf/4by4_591.cnf,True,0.00028700000257231295,0,0,64,JWTwoSide
591,4by4_cnf/4by4_592.cnf,True,0.00028979999478906393,0,0,64,JWTwoSide
592,4by4_cnf/4by4_593.cnf,True,0.0003023000026587397,0,0,64,JWTwoSide
593,4by4_cnf/4by4_594.cnf,True,0.00025839998852461576,0,0,64,JWTwoSide
594,4by4_cnf/4by4_595.cnf,True,0.00028229999588802457,0,0,64,JWTwoSide
595,4by4_cnf/4by4_596.cnf,True,0.0002691000117920339,0,0,64,JWTwoSide
596,4by4_cnf/4by4_597.cnf,True,0.00028110000130254775,0,0,64,JWTwoSide
597,4by4_cnf/4by4_598.cnf,True,0.0002454999921610579,0,0,64,JWTwoSide
598,4by4_cnf/4by4_599.cnf,True,0.0002376000047661364,0,0,64,JWTwoSide
599,4by4_cnf/4by4_600.cnf,True,0.0002938999969046563,0,0,64,JWTwoSide
600,4by4_cnf/4by4_601.cnf,True,0.0002624999906402081,0,0,64,JWTwoSide
601,4by4_cnf/4by4_602.cnf,True,0.00029429999995045364,0,0,64,JWTwoSide
602,4by4_cnf/4by4_603.cnf,True,0.00029290000384207815,0,0,64,JWTwoSide
603,4by4_cnf/4by4_604.cnf,True,0.00033819999953266233,0,0,64,JWTwoSide
604,4by4_cnf/4by4_605.cnf,True,0.0003315999929327518,0,0,64,JWTwoSide
605,4by4_cnf/4by4_606.cnf,True,0.000331300005200319,0,0,64,JWTwoSide
606,4by4_cnf/4by4_607.cnf,True,0.00031740000122226775,0,0,64,JWTwoSide
607,4by4_cnf/4by4_608.cnf,True,0.0002931000053649768,0,0,64,JWTwoSide
608,4by4_cnf/4by4_609.cnf,True,0.0002455999929225072,0,0,64,JWTwoSide
609,4by4_cnf/4by4_610.cnf,True,0.0002466000005370006,0,0,64,JWTwoSide
610,4by4_cnf/4by4_611.cnf,True,0.0002781999937724322,0,0,64,JWTwoSide
611,4by4_cnf/4by4_612.cnf,True,0.00024670000129844993,0,0,64,JWTwoSide
612,4by4_cnf/4by4_613.cnf,True,0.0003192000003764406,0,0,64,JWTwoSide
613,4by4_cnf/4by4_614.cnf,True,0.0003456999984337017,0,0,64,JWTwoSide
614,4by4_cnf/4by4_615.cnf,True,0.00024850000045262277,0,0,64,JWTwoSide
615,4by4_cnf/4by4_616.cnf,True,0.00031430000672116876,0,0,64,JWTwoSide
616,4by4_cnf/4by4_617.cnf,True,0.0003178999904775992,0,0,64,JWTwoSide
617,4by4_cnf/4by4_618.cnf,True,0.00030450000485870987,0,0,64,JWTwoSide
618,4by4_cnf/4by4_619.cnf,True,0.00024509998911526054,0,0,64,JWTwoSide
619,4by4_cnf/4by4_620.cnf,True,0.0002432000037515536,0,0,64,JWTwoSide
620,4by4_cnf/4by4_621.cnf,True,0.0002472000051056966,0,0,64,JWTwoSide
621,4by4_cnf/4by4_622.cnf,True,0.0002640000020619482,0,0,64,JWTwoSide
622,4by4_cnf/4by4_623.cnf,True,0.0002803999959724024,0,0,64,JWTwoSide
623,4by4_cnf/4by4_624.cnf,True,0.0002665000065462664,0,0,64,JWTwoSide
624,4by4_cnf/4by4_625.cnf,True,0.00024619999749120325,0,0,64,JWTwoSide
625,4by4_cnf/4by4_626.cnf,True,0.00026559999969322234,0,0,64,JWTwoSide
626,4by4_cnf/4by4_627.cnf,True,0.0003133000136585906,0,0,64,JWTwoSide
627,4by4_cnf/4by4_628.cnf,True,0.00036419999378267676,0,0,64,JWTwoSide
628,4by4_cnf/4by4_629.cnf,True,0.0002586999908089638,0,0,64,JWTwoSide
629,4by4_cnf/4by4_630.cnf,True,0.0003062999894609675,0,0,64,JWTwoSide
630,4by4_cnf/4by4_631.cnf,True,0.0002521999995224178,0,0,64,JWTwoSide
631,4by4_cnf/4by4_632.cnf,True,0.0002860999957192689,0,0,64,JWTwoSide
632,4by4_cnf/4by4_633.cnf,True,0.00023770000552758574,0,0,64,JWTwoSide
633,4by4_cnf/4by4_634.cnf,True,0.0002745000092545524,0,0,64,JWTwoSide
634,4by4_cnf/4by4_635.cnf,True,0.00027889999910257757,0,0,64,JWTwoSide
635,4by4_cnf/4by4_636.cnf,True,0.0002443999983370304,0,0,64,JWTwoSide
636,4by4_cnf/4by4_637.cnf,True,0.0002451999898767099,0,0,64,JWTwoSide
637,4by4_cnf/4by4_638.cnf,True,0.00025090000417549163,0,0,64,JWTwoSide
638,4by4_cnf/4by4_639.cnf,True,0.00028589999419637024,0,0,64,JWTwoSide
639,4by4_cnf/4by4_640.cnf,True,0.000335000004270114,0,0,64,JWTwoSide
640,4by4_cnf/4by4_641.cnf,True,0.0002629000082379207,0,0,64,JWTwoSide
641,4by4_cnf/4by4_642.cnf,True,0.00029999999969732016,0,0,64,JWTwoSide
642,4by4_cnf/4by4_643.cnf,True,0.0002936999953817576,0,0,64,JWTwoSide
643,4by4_cnf/4by4_644.cnf,True,0.0003584000078262761,0,0,64,JWTwoSide
644,4by4_cnf/4by4_645.cnf,True,0.00025019999884534627,0,0,64,JWTwoSide
645,4by4_cnf/4by4_646.cnf,True,0.00023999999393709004,0,0,64,JWTwoSide
646,4by4_cnf/4by4_647.cnf,True,0.0002443999983370304,0,0,64,JWTwoSide
647,4by4_cnf/4by4_648.cnf,True,0.00028950000705663115,0,0,64,JWTwoSide
648,4by4_cnf/4by4_649.cnf,True,0.00024130000383593142,0,0,64,JWTwoSide
649,4by4_cnf/4by4_650.cnf,True,0.00025290000485256314,0,0,64,JWTwoSide
650,4by4_cnf/4by4_651.cnf,True,0.0002806999982567504,0,0,64,JWTwoSide
651,4by4_cnf/4by4_652.cnf,True,0.00026780000189319253,0,0,64,JWTwoSide
652,4by4_cnf/4by4_653.cnf,True,0.0003547999949660152,0,0,64,JWTwoSide
653,4by4_cnf/4by4_654.cnf,True,0.00031350000062957406,0,0,64,JWTwoSide
654,4by4_cnf/4by4_655.cnf,True,0.000264899994363077,0,0,64,JWTwoSide
655,4by4_cnf/4by4_656.cnf,True,0.00026989998877979815,0,0,64,JWTwoSide
656,4by4_cnf/4by4_657.cnf,True,0.0002810000005410984,0,0,64,JWTwoSide
657,4by4_cnf/4by4_658.cnf,True,0.00027550000231713057,0,0,64,JWTwoSide
658,4by4_cnf/4by4_659.cnf,True,0.0002403999969828874,0,0,64,JWTwoSide
659,4by4_cnf/4by4_660.cnf,True,0.00023780000628903508,0,0,64,JWTwoSide
660,4by4_cnf/4by4_661.cnf,True,0.00025179999647662044,0,0,64,JWTwoSide
661,4by4_cnf/4by4_662.cnf,True,0.00026270000671502203,0,0,64,JWTwoSide
662,4by4_cnf/4by4_663.cnf,True,0.00025409999943803996,0,0,64,JWTwoSide
663,4by4_cnf/4by4_664.cnf,True,0.00024249999842140824,0,0,64,JWTwoSide
664,4by4_cnf/4by4_665.cnf,True,0.00031459999445360154,0,0,64,JWTwoSide
665,4by4_cnf/4by4_666.cnf,True,0.0004045999958179891,0,0,64,JWTwoSide
666,4by4_cnf/4by4_667.cnf,True,0.00028140000358689576,0,0,64,JWTwoSide
667,4by4_cnf/4by4_668.cnf,True,0.00027979999140370637,0,0,64,JWTwoSide
668,4by4_cnf/4by4_669.cnf,True,0.00029660000291187316,0,0,64,JWTwoSide
669,4by4_cnf/4by4_670.cnf,True,0.0003249000001233071,0,0,64,JWTwoSide
670,4by4_cnf/4by4_671.cnf,True,0.00028419999580364674,0,0,64,JWTwoSide
671,4by4_cnf/4by4_672.cnf,True,0.00022430000535678118,0,0,64,JWTwoSide
672,4by4_cnf/4by4_673.cnf,True,0.0002505000011296943,0,0,64,JWTwoSide
673,4by4_cnf/4by4_674.cnf,True,0.00026080000679939985,0,0,64,JWTwoSide
674,4by4_cnf/4by4_675.cnf,True,0.00024009999469853938,0,0,64,JWTwoSide
675,4by4_cnf/4by4_676.cnf,True,0.00021969999943394214,0,0,64,JWTwoSide
676,4by4_cnf/4by4_677.cnf,True,0.0003201000072294846,0,0,64,JWTwoSide
677,4by4_cnf/4by4_678.cnf,True,0.0002665000065462664,0,0,64,JWTwoSide
678,4by4_cnf/4by4_679.cnf,True,0.0003251000016462058,0,0,64,JWTwoSide
679,4by4_cnf/4by4_680.cnf,True,0.00031489999673794955,0,0,64,JWTwoSide
680,4by4_cnf/4by4_681.cnf,True,0.00026440000510774553,0,0,64,JWTwoSide
681,4by4_cnf/4by4_682.cnf,True,0.0003102000046055764,0,0,64,JWTwoSide
682,4by4_cnf/4by4_683.cnf,True,0.0002829000004567206,0,0,64,JWTwoSide
683,4by4_cnf/4by4_684.cnf,True,0.0002677000011317432,0,0,64,JWTwoSide
684,4by4_cnf/4by4_685.cnf,True,0.00023419999342877418,0,0,64,JWTwoSide
685,4by4_cnf/4by4_686.cnf,True,0.00024120000307448208,0,0,64,JWTwoSide
686,4by4_cnf/4by4_687.cnf,True,0.0002818000066326931,0,0,64,JWTwoSide
687,4by4_cnf/4by4_688.cnf,True,0.00023380000493489206,0,0,64,JWTwoSide
688,4by4_cnf/4by4_689.cnf,True,0.00025350000942125916,0,0,64,JWTwoSide
689,4by4_cnf/4by4_690.cnf,True,0.0002734999870881438,0,0,64,JWTwoSide
690,4by4_cnf/4by4_691.cnf,True,0.0002761999930953607,0,0,64,JWTwoSide
691,4by4_cnf/4by4_692.cnf,True,0.00033460000122431666,0,0,64,JWTwoSide
692,4by4_cnf/4by4_693.cnf,True,0.000262100002146326,0,0,64,JWTwoSide
693,4by4_cnf/4by4_694.cnf,True,0.0002652000111993402,0,0,64,JWTwoSide
694,4by4_cnf/4by4_695.cnf,True,0.0002705000079004094,0,0,64,JWTwoSide
695,4by4_cnf/4by4_696.cnf,True,0.00026390000130049884,0,0,64,JWTwoSide
696,4by4_cnf/4by4_697.cnf,True,0.0002418000076431781,0,0,64,JWTwoSide
697,4by4_cnf/4by4_698.cnf,True,0.0002717000024858862,0,0,64,JWTwoSide
698,4by4_cnf/4by4_699.cnf,True,0.0002607999922474846,0,0,64,JWTwoSide
699,4by4_cnf/4by4_700.cnf,True,0.0002420999953756109,0,0,64,JWTwoSide
700,4by4_cnf/4by4_701.cnf,True,0.0002238000015495345,0,0,64,JWTwoSide
701,4by4_cnf/4by4_702.cnf,True,0.00022329999774228781,0,0,64,JWTwoSide
702,4by4_cnf/4by4_703.cnf,True,0.00027680001221597195,0,0,64,JWTwoSide
703,4by4_cnf/4by4_704.cnf,True,0.00026479999360162765,0,0,64,JWTwoSide
704,4by4_cnf/4by4_705.cnf,True,0.0003124000068055466,0,0,64,JWTwoSide
705,4by4_cnf/4by4_706.cnf,True,0.00029399999766610563,0,0,64,JWTwoSide
706,4by4_cnf/4by4_707.cnf,True,0.00027210000553168356,0,0,64,JWTwoSide
707,4by4_cnf/4by4_708.cnf,True,0.00027650000993162394,0,0,64,JWTwoSide
708,4by4_cnf/4by4_709.cnf,True,0.0002813000028254464,0,0,64,JWTwoSide
709,4by4_cnf/4by4_710.cnf,True,0.0002702999918255955,0,0,64,JWTwoSide
710,4by4_cnf/4by4_711.cnf,True,0.0003201000072294846,0,0,64,JWTwoSide
711,4by4_cnf/4by4_712.cnf,True,0.00027540000155568123,0,0,64,JWTwoSide
712,4by4_cnf/4by4_713.cnf,True,0.00022890001127962023,0,0,64,JWTwoSide
713,4by4_cnf/4by4_714.cnf,True,0.00022680000984109938,0,0,64,JWTwoSide
714,4by4_cnf/4by4_715.cnf,True,0.0002499000111129135,0,0,64,JWTwoSide
715,4by4_cnf/4by4_716.cnf,True,0.00025779999850783497,0,0,64,JWTwoSide
716,4by4_cnf/4by4_717.cnf,True,0.00023269999655894935,0,0,64,JWTwoSide
717,4by4_cnf/4by4_718.cnf,True,0.00022899999748915434,0,0,64,JWTwoSide
718,4by4_cnf/4by4_719.cnf,True,0.00024899998970795423,0,0,64,JWTwoSide
719,4by4_cnf/4by4_720.cnf,True,0.000255300008575432,0,0,64,JWTwoSide
720,4by4_cnf/4by4_721.cnf,True,0.0002705000079004094,0,0,64,JWTwoSide
721,4by4_cnf/4by4_722.cnf,True,0.0003223999956389889,0,0,64,JWTwoSide
722,4by4_cnf/4by4_723.cnf,True,0.0002445999998599291,0,0,64,JWTwoSide
723,4by4_cnf/4by4_724.cnf,True,0.0002764999953797087,0,0,64,JWTwoSide
724,4by4_cnf/4by4_725.cnf,True,0.0002742999931797385,0,0,64,JWTwoSide
725,4by4_cnf/4by4_726.cnf,True,0.00027209999097976834,0,0,64,JWTwoSide
726,4by4_cnf/4by4_727.cnf,True,0.00026810000417754054,0,0,64,JWTwoSide
727,4by4_cnf/4by4_728.cnf,True,0.00023580000561196357,0,0,64,JWTwoSide
728,4by4_cnf/4by4_729.cnf,True,0.00022610000451095402,0,0,64,JWTwoSide
729,4by4_cnf/4by4_730.cnf,True,0.0002677000011317432,0,0,64,JWTwoSide
730,4by4_cnf/4by4_731.cnf,True,0.00026139999681618065,0,0,64,JWTwoSide
731,4by4_cnf/4by4_732.cnf,True,0.0002612999960547313,0,0,64,JWTwoSide
732,4by4_cnf/4by4_733.cnf,True,0.0002643999905558303,0,0,64,JWTwoSide
733,4by4_cnf/4by4_734.cnf,True,0.0002327999973203987,0,0,64,JWTwoSide
734,4by4_cnf/4by4_735.cnf,True,0.0002690999972401187,0,0,64,JWTwoSide
735,4by4_cnf/4by4_736.cnf,True,0.00023790000705048442,0,0,64,JWTwoSide
736,4by4_cnf/4by4_737.cnf,True,0.0002766999969026074,0,0,64,JWTwoSide
737,4by4_cnf/4by4_738.cnf,True,0.0002606000052765012,0,0,64,JWTwoSide
738,4by4_cnf/4by4_739.cnf,True,0.00027659999614115804,0,0,64,JWTwoSide
739,4by4_cnf/4by4_740.cnf,True,0.00023189999046735466,0,0,64,JWTwoSide
740,4by4_cnf/4by4_741.cnf,True,0.00024000000848900527,0,0,64,JWTwoSide
741,4by4_cnf/4by4_742.cnf,True,0.00024259999918285757,0,0,64,JWTwoSide
742,4by4_cnf/4by4_743.cnf,True,0.00023940000392030925,0,0,64,JWTwoSide
743,4by4_cnf/4by4_744.cnf,True,0.00023940000392030925,0,0,64,JWTwoSide
744,4by4_cnf/4by4_745.cnf,True,0.00023330000112764537,0,0,64,JWTwoSide
745,4by4_cnf/4by4_746.cnf,True,0.00028900000324938446,0,0,64,JWTwoSide
746,4by4_cnf/4by4_747.cnf,True,0.00028169999131932855,0,0,64,JWTwoSide
747,4by4_cnf/4by4_748.cnf,True,0.00026309999520890415,0,0,64,JWTwoSide
748,4by4_cnf/4by4_749.cnf,True,0.0002463000128045678,0,0,64,JWTwoSide
749,4by4_cnf/4by4_750.cnf,True,0.00023890000011306256,0,0,64,JWTwoSide
750,4by4_cnf/4by4_751.cnf,True,0.0002381999947829172,0,0,64,JWTwoSide
751,4by4_cnf/4by4_752.cnf,True,0.00028759999258909374,0,0,64,JWTwoSide
752,4by4_cnf/4by4_753.cnf,True,0.0002750999992713332,0,0,64,JWTwoSide
753,4by4_cnf/4by4_754.cnf,True,0.000254700004006736,0,0,64,JWTwoSide
754,4by4_cnf/4by4_755.cnf,True,0.0002497999957995489,0,0,64,JWTwoSide
755,4by4_cnf/4by4_756.cnf,True,0.0002823999966494739,0,0,64,JWTwoSide
756,4by4_cnf/4by4_757.cnf,True,0.00024789999588392675,0,0,64,JWTwoSide
757,4by4_cnf/4by4_758.cnf,True,0.00024319998919963837,0,0,64,JWTwoSide
758,4by4_cnf/4by4_759.cnf,True,0.00023910000163596123,0,0,64,JWTwoSide
759,4by4_cnf/4by4_760.cnf,True,0.00030100000731181353,0,0,64,JWTwoSide
760,4by4_cnf/4by4_761.cnf,True,0.00028219999512657523,0,0,64,JWTwoSide
761,4by4_cnf/4by4_762.cnf,True,0.00027720000070985407,0,0,64,JWTwoSide
762,4by4_cnf/4by4_763.cnf,True,0.00024300000222865492,0,0,64,JWTwoSide
763,4by4_cnf/4by4_764.cnf,True,0.00027060000866185874,0,0,64,JWTwoSide
764,4by4_cnf/4by4_765.cnf,True,0.0002682000049389899,0,0,64,JWTwoSide
765,4by4_cnf/4by4_766.cnf,True,0.000228599994443357,0,0,64,JWTwoSide
766,4by4_cnf/4by4_767.cnf,True,0.0002344999957131222,0,0,64,JWTwoSide
767,4by4_cnf/4by4_768.cnf,True,0.00024029999622143805,0,0,64,JWTwoSide
768,4by4_cnf/4by4_769.cnf,True,0.00027299999783281237,0,0,64,JWTwoSide
769,4by4_cnf/4by4_770.cnf,True,0.00023829999554436654,0,0,64,JWTwoSide
770,4by4_cnf/4by4_771.cnf,True,0.00023200000578071922,0,0,64,JWTwoSide
771,4by4_cnf/4by4_772.cnf,True,0.00025769999774638563,0,0,64,JWTwoSide
772,4by4_cnf/4by4_773.cnf,True,0.0002884999994421378,0,0,64,JWTwoSide
773,4by4_cnf/4by4_774.cnf,True,0.0002826999989338219,0,0,64,JWTwoSide
774,4by4_cnf/4by4_775.cnf,True,0.0002420999953756109,0,0,64,JWTwoSide
775,4by4_cnf/4by4_776.cnf,True,0.0002506000018911436,0,0,64,JWTwoSide
776,4by4_cnf/4by4_777.cnf,True,0.00027859999681822956,0,0,64,JWTwoSide
777,4by4_cnf/4by4_778.cnf,True,0.0002699999895412475,0,0,64,JWTwoSide
778,4by4_cnf/4by4_779.cnf,True,0.00027550000231713057,0,0,64,JWTwoSide
779,4by4_cnf/4by4_780.cnf,True,0.00023960000544320792,0,0,64,JWTwoSide
780,4by4_cnf/4by4_781.cnf,True,0.0002435000060359016,0,0,64,JWTwoSide
781,4by4_cnf/4by4_782.cnf,True,0.0002351000002818182,0,0,64,JWTwoSide
782,4by4_cnf/4by4_783.cnf,True,0.00023239999427460134,0,0,64,JWTwoSide
783,4by4_cnf/4by4_784.cnf,True,0.00023929998860694468,0,0,64,JWTwoSide
784,4by4_cnf/4by4_785.cnf,True,0.0002457999944454059,0,0,64,JWTwoSide
785,4by4_cnf/4by4_786.cnf,True,0.0002884999994421378,0,0,64,JWTwoSide
786,4by4_cnf/4by4_787.cnf,True,0.0003079000016441569,0,0,64,JWTwoSide
787,4by4_cnf/4by4_788.cnf,True,0.00026699999580159783,0,0,64,JWTwoSide
788,4by4_cnf/4by4_789.cnf,True,0.00025519999326206744,0,0,64,JWTwoSide
789,4by4_cnf/4by4_790.cnf,True,0.0002497999957995489,0,0,64,JWTwoSide
790,4by4_cnf/4by4_791.cnf,True,0.0003108999953838065,0,0,64,JWTwoSide
791,4by4_cnf/4by4_792.cnf,True,0.00024500000290572643,0,0,64,JWTwoSide
792,4by4_cnf/4by4_793.cnf,True,0.00025939999613910913,0,0,64,JWTwoSide
793,4by4_cnf/4by4_794.cnf,True,0.0002516999957151711,0,0,64,JWTwoSide
794,4by4_cnf/4by4_795.cnf,True,0.0002649999951245263,0,0,64,JWTwoSide
795,4by4_cnf/4by4_796.cnf,True,0.0002460999967297539,0,0,64,JWTwoSide
796,4by4_cnf/4by4_797.cnf,True,0.0002440000098431483,0,0,64,JWTwoSide
797,4by4_cnf/4by4_798.cnf,True,0.00027370000316295773,0,0,64,JWTwoSide
798,4by4_cnf/4by4_799.cnf,True,0.0002889000024879351,0,0,64,JWTwoSide
799,4by4_cnf/4by4_800.cnf,True,0.0002829000004567206,0,0,64,JWTwoSide
800,4by4_cnf/4by4_801.cnf,True,0.0002994999958900735,0,0,64,JWTwoSide
801,4by4_cnf/4by4_802.cnf,True,0.00028029999521095306,0,0,64,JWTwoSide
802,4by4_cnf/4by4_803.cnf,True,0.000272599994787015,0,0,64,JWTwoSide
803,4by4_cnf/4by4_804.cnf,True,0.0002804000105243176,0,0,64,JWTwoSide
804,4by4_cnf/4by4_805.cnf,True,0.00023779999173711985,0,0,64,JWTwoSide
805,4by4_cnf/4by4_806.cnf,True,0.0002874999918276444,0,0,64,JWTwoSide
806,4by4_cnf/4by4_807.cnf,True,0.0002741000062087551,0,0,64,JWTwoSide
807,4by4_cnf/4by4_808.cnf,True,0.00028049999673385173,0,0,64,JWTwoSide
808,4by4_cnf/4by4_809.cnf,True,0.00029489998996723443,0,0,64,JWTwoSide
809,4by4_cnf/4by4_810.cnf,True,0.00023410000721924007,0,0,64,JWTwoSide
810,4by4_cnf/4by4_811.cnf,True,0.0002454999921610579,0,0,64,JWTwoSide
811,4by4_cnf/4by4_812.cnf,True,0.00027520000003278255,0,0,64,JWTwoSide
812,4by4_cnf/4by4_813.cnf,True,0.0002783999952953309,0,0,64,JWTwoSide
813,4by4_cnf/4by4_814.cnf,True,0.0002767000114545226,0,0,64,JWTwoSide
814,4by4_cnf/4by4_815.cnf,True,0.0002865000133169815,0,0,64,JWTwoSide
815,4by4_cnf/4by4_816.cnf,True,0.00023180000425782055,0,0,64,JWTwoSide
816,4by4_cnf/4by4_817.cnf,True,0.00024219999613706023,0,0,64,JWTwoSide
817,4by4_cnf/4by4_818.cnf,True,0.00027409999165683985,0,0,64,JWTwoSide
818,4by4_cnf/4by4_819.cnf,True,0.0002610000083222985,0,0,64,JWTwoSide
819,4by4_cnf/4by4_820.cnf,True,0.00026270000671502203,0,0,64,JWTwoSide
820,4by4_cnf/4by4_821.cnf,True,0.0002779000060399994,0,0,64,JWTwoSide
821,4by4_cnf/4by4_822.cnf,True,0.00025800000003073364,0,0,64,JWTwoSide
822,4by4_cnf/4by4_823.cnf,True,0.0002724999940255657,0,0,64,JWTwoSide
823,4by4_cnf/4by4_824.cnf,True,0.00027910000062547624,0,0,64,JWTwoSide
824,4by4_cnf/4by4_825.cnf,True,0.00024139999004546553,0,0,64,JWTwoSide
825,4by4_cnf/4by4_826.cnf,True,0.00027459999546408653,0,0,64,JWTwoSide
826,4by4_cnf/4by4_827.cnf,True,0.00023520000104326755,0,0,64,JWTwoSide
827,4by4_cnf/4by4_828.cnf,True,0.00030649999098386616,0,0,64,JWTwoSide
828,4by4_cnf/4by4_829.cnf,True,0.0002457000082358718,0,0,64,JWTwoSide
829,4by4_cnf/4by4_830.cnf,True,0.00025689999165479094,0,0,64,JWTwoSide
830,4by4_cnf/4by4_831.cnf,True,0.0002530999918235466,0,0,64,JWTwoSide
831,4by4_cnf/4by4_832.cnf,True,0.00027910000062547624,0,0,64,JWTwoSide
832,4by4_cnf/4by4_833.cnf,True,0.00022899999748915434,0,0,64,JWTwoSide
833,4by4_cnf/4by4_834.cnf,True,0.0002548000047681853,0,0,64,JWTwoSide
834,4by4_cnf/4by4_835.cnf,True,0.0002249000099254772,0,0,64,JWTwoSide
835,4by4_cnf/4by4_836.cnf,True,0.0002569999924162403,0,0,64,JWTwoSide
836,4by4_cnf/4by4_837.cnf,True,0.0002631999959703535,0,0,64,JWTwoSide
837,4by4_cnf/4by4_838.cnf,True,0.00025579999783076346,0,0,64,JWTwoSide
838,4by4_cnf/4by4_839.cnf,True,0.0002280000044265762,0,0,64,JWTwoSide
839,4by4_cnf/4by4_840.cnf,True,0.0002359000063734129,0,0,64,JWTwoSide
840,4by4_cnf/4by4_841.cnf,True,0.00024929999199230224,0,0,64,JWTwoSide
841,4by4_cnf/4by4_842.cnf,True,0.00026229998911730945,0,0,64,JWTwoSide
842,4by4_cnf/4by4_843.cnf,True,0.00023820000933483243,0,0,64,JWTwoSide
843,4by4_cnf/4by4_844.cnf,True,0.0002393000031588599,0,0,64,JWTwoSide
844,4by4_cnf/4by4_845.cnf,True,0.00027129999944008887,0,0,64,JWTwoSide
845,4by4_cnf/4by4_846.cnf,True,0.0002918999962275848,0,0,64,JWTwoSide
846,4by4_cnf/4by4_847.cnf,True,0.00024670000129844993,0,0,64,JWTwoSide
847,4by4_cnf/4by4_848.cnf,True,0.0002767000114545226,0,0,64,JWTwoSide
848,4by4_cnf/4by4_849.cnf,True,0.00022729999909643084,0,0,64,JWTwoSide
849,4by4_cnf/4by4_850.cnf,True,0.0002505000011296943,0,0,64,JWTwoSide
850,4by4_cnf/4by4_851.cnf,True,0.00022860000899527222,0,0,64,JWTwoSide
851,4by4_cnf/4by4_852.cnf,True,0.00027010000485461205,0,0,64,JWTwoSide
852,4by4_cnf/4by4_853.cnf,True,0.00027230000705458224,0,0,64,JWTwoSide
853,4by4_cnf/4by4_854.cnf,True,0.0002555000100983307,0,0,64,JWTwoSide
854,4by4_cnf/4by4_855.cnf,True,0.00022459999308921397,0,0,64,JWTwoSide
855,4by4_cnf/4by4_856.cnf,True,0.0002548999909777194,0,0,64,JWTwoSide
856,4by4_cnf/4by4_857.cnf,True,0.0002733000001171604,0,0,64,JWTwoSide
857,4by4_cnf/4by4_858.cnf,True,0.000225499999942258,0,0,64,JWTwoSide
858,4by4_cnf/4by4_859.cnf,True,0.00022590000298805535,0,0,64,JWTwoSide
859,4by4_cnf/4by4_860.cnf,True,0.00026500000967644155,0,0,64,JWTwoSide
860,4by4_cnf/4by4_861.cnf,True,0.0002238999877590686,0,0,64,JWTwoSide
861,4by4_cnf/4by4_862.cnf,True,0.0002234999992651865,0,0,64,JWTwoSide
862,4by4_cnf/4by4_863.cnf,True,0.000265800001216121,0,0,64,JWTwoSide
863,4by4_cnf/4by4_864.cnf,True,0.000229199999012053,0,0,64,JWTwoSide
864,4by4_cnf/4by4_865.cnf,True,0.00024179999309126288,0,0,64,JWTwoSide
865,4by4_cnf/4by4_866.cnf,True,0.00024049999774433672,0,0,64,JWTwoSide
866,4by4_cnf/4by4_867.cnf,True,0.0002663000050233677,0,0,64,JWTwoSide
867,4by4_cnf/4by4_868.cnf,True,0.00029039999935775995,0,0,64,JWTwoSide
868,4by4_cnf/4by4_869.cnf,True,0.00025180001102853566,0,0,64,JWTwoSide
869,4by4_cnf/4by4_870.cnf,True,0.00026879999495577067,0,0,64,JWTwoSide
870,4by4_cnf/4by4_871.cnf,True,0.0002535999956307933,0,0,64,JWTwoSide
871,4by4_cnf/4by4_872.cnf,True,0.00027550000231713057,0,0,64,JWTwoSide
872,4by4_cnf/4by4_873.cnf,True,0.00024670000129844993,0,0,64,JWTwoSide
873,4by4_cnf/4by4_874.cnf,True,0.00025880000612232834,0,0,64,JWTwoSide
874,4by4_cnf/4by4_875.cnf,True,0.00025579999783076346,0,0,64,JWTwoSide
875,4by4_cnf/4by4_876.cnf,True,0.00027430000773165375,0,0,64,JWTwoSide
876,4by4_cnf/4by4_877.cnf,True,0.00023450001026503742,0,0,64,JWTwoSide
877,4by4_cnf/4by4_878.cnf,True,0.0002660000027390197,0,0,64,JWTwoSide
878,4by4_cnf/4by4_879.cnf,True,0.0002342000079806894,0,0,64,JWTwoSide
879,4by4_cnf/4by4_880.cnf,True,0.00023689999943599105,0,0,64,JWTwoSide
880,4by4_cnf/4by4_881.cnf,True,0.0002669000095920637,0,0,64,JWTwoSide
881,4by4_cnf/4by4_882.cnf,True,0.00023330000112764537,0,0,64,JWTwoSide
882,4by4_cnf/4by4_883.cnf,True,0.0002398999931756407,0,0,64,JWTwoSide
883,4by4_cnf/4by4_884.cnf,True,0.0002468999882694334,0,0,64,JWTwoSide
884,4by4_cnf/4by4_885.cnf,True,0.0002820999943651259,0,0,64,JWTwoSide
885,4by4_cnf/4by4_886.cnf,True,0.0002606000052765012,0,0,64,JWTwoSide
886,4by4_cnf/4by4_887.cnf,True,0.00024149999080691487,0,0,64,JWTwoSide
887,4by4_cnf/4by4_888.cnf,True,0.0002426999999443069,0,0,64,JWTwoSide
888,4by4_cnf/4by4_889.cnf,True,0.00027150000096298754,0,0,64,JWTwoSide
889,4by4_cnf/4by4_890.cnf,True,0.00023729998792987317,0,0,64,JWTwoSide
890,4by4_cnf/4by4_891.cnf,True,0.00023629999486729503,0,0,64,JWTwoSide
891,4by4_cnf/4by4_892.cnf,True,0.00028229999588802457,0,0,64,JWTwoSide
892,4by4_cnf/4by4_893.cnf,True,0.00035519999801181257,0,0,64,JWTwoSide
893,4by4_cnf/4by4_894.cnf,True,0.00024619999749120325,0,0,64,JWTwoSide
894,4by4_cnf/4by4_895.cnf,True,0.0002964000013889745,0,0,64,JWTwoSide
895,4by4_cnf/4by4_896.cnf,True,0.0002734000008786097,0,0,64,JWTwoSide
896,4by4_cnf/4by4_897.cnf,True,0.00024090000079013407,0,0,64,JWTwoSide
897,4by4_cnf/4by4_898.cnf,True,0.0002474999928381294,0,0,64,JWTwoSide
898,4by4_cnf/4by4_899.cnf,True,0.0002576000115368515,0,0,64,JWTwoSide
899,4by4_cnf/4by4_900.cnf,True,0.0002668999950401485,0,0,64,JWTwoSide
900,4by4_cnf/4by4_901.cnf,True,0.0002660000027390197,0,0,64,JWTwoSide
901,4by4_cnf/4by4_902.cnf,True,0.0002686000079847872,0,0,64,JWTwoSide
902,4by4_cnf/4by4_903.cnf,True,0.0002555999963078648,0,0,64,JWTwoSide
903,4by4_cnf/4by4_904.cnf,True,0.000298700004350394,0,0,64,JWTwoSide
904,4by4_cnf/4by4_905.cnf,True,0.0002378999924985692,0,0,64,JWTwoSide
905,4by4_cnf/4by4_906.cnf,True,0.00022400000307243317,0,0,64,JWTwoSide
906,4by4_cnf/4by4_907.cnf,True,0.00026789998810272664,0,0,64,JWTwoSide
907,4by4_cnf/4by4_908.cnf,True,0.00026359999901615083,0,0,64,JWTwoSide
908,4by4_cnf/4by4_909.cnf,True,0.00026300000899937004,0,0,64,JWTwoSide
909,4by4_cnf/4by4_910.cnf,True,0.00022869999520480633,0,0,64,JWTwoSide
910,4by4_cnf/4by4_911.cnf,True,0.0002736000024015084,0,0,64,JWTwoSide
911,4by4_cnf/4by4_912.cnf,True,0.000261799999861978,0,0,64,JWTwoSide
912,4by4_cnf/4by4_913.cnf,True,0.00030080000578891486,0,0,64,JWTwoSide
913,4by4_cnf/4by4_914.cnf,True,0.00025769999774638563,0,0,64,JWTwoSide
914,4by4_cnf/4by4_915.cnf,True,0.00027219999174121767,0,0,64,JWTwoSide
915,4by4_cnf/4by4_916.cnf,True,0.0002660999889485538,0,0,64,JWTwoSide
916,4by4_cnf/4by4_917.cnf,True,0.00025800000003073364,0,0,64,JWTwoSide
917,4by4_cnf/4by4_918.cnf,True,0.00026450000586919487,0,0,64,JWTwoSide
918,4by4_cnf/4by4_919.cnf,True,0.00023659999715164304,0,0,64,JWTwoSide
919,4by4_cnf/4by4_920.cnf,True,0.00024700000358279794,0,0,64,JWTwoSide
920,4by4_cnf/4by4_921.cnf,True,0.0002717000024858862,0,0,64,JWTwoSide
921,4by4_cnf/4by4_922.cnf,True,0.000265499998931773,0,0,64,JWTwoSide
922,4by4_cnf/4by4_923.cnf,True,0.0002573999954620376,0,0,64,JWTwoSide
923,4by4_cnf/4by4_924.cnf,True,0.00022909999825060368,0,0,64,JWTwoSide
924,4by4_cnf/4by4_925.cnf,True,0.00025579999783076346,0,0,64,JWTwoSide
925,4by4_cnf/4by4_926.cnf,True,0.0002423999976599589,0,0,64,JWTwoSide
926,4by4_cnf/4by4_927.cnf,True,0.0002514999941922724,0,0,64,JWTwoSide
927,4by4_cnf/4by4_928.cnf,True,0.00027260000933893025,0,0,64,JWTwoSide
928,4by4_cnf/4by4_929.cnf,True,0.0002514999941922724,0,0,64,JWTwoSide
929,4by4_cnf/4by4_930.cnf,True,0.0002513999934308231,0,0,64,JWTwoSide
930,4by4_cnf/4by4_931.cnf,True,0.0002536999963922426,0,0,64,JWTwoSide
931,4by4_cnf/4by4_932.cnf,True,0.0002657000004546717,0,0,64,JWTwoSide
932,4by4_cnf/4by4_933.cnf,True,0.0002697000018088147,0,0,64,JWTwoSide
933,4by4_cnf/4by4_934.cnf,True,0.00025189999723806977,0,0,64,JWTwoSide
934,4by4_cnf/4by4_935.cnf,True,0.00022729999909643084,0,0,64,JWTwoSide
935,4by4_cnf/4by4_936.cnf,True,0.00027879999834112823,0,0,64,JWTwoSide
936,4by4_cnf/4by4_937.cnf,True,0.00023770000552758574,0,0,64,JWTwoSide
937,4by4_cnf/4by4_938.cnf,True,0.0002612999960547313,0,0,64,JWTwoSide
938,4by4_cnf/4by4_939.cnf,True,0.00024189999385271221,0,0,64,JWTwoSide
939,4by4_cnf/4by4_940.cnf,True,0.00026889999571722,0,0,64,JWTwoSide
940,4by4_cnf/4by4_941.cnf,True,0.0002587999915704131,0,0,64,JWTwoSide
941,4by4_cnf/4by4_942.cnf,True,0.0002548000047681853,0,0,64,JWTwoSide
942,4by4_cnf/4by4_943.cnf,True,0.00023960000544320792,0,0,64,JWTwoSide
943,4by4_cnf/4by4_944.cnf,True,0.00023240000882651657,0,0,64,JWTwoSide
944,4by4_cnf/4by4_945.cnf,True,0.0002604000037536025,0,0,64,JWTwoSide
945,4by4_cnf/4by4_946.cnf,True,0.00026869999419432133,0,0,64,JWTwoSide
946,4by4_cnf/4by4_947.cnf,True,0.00022590000298805535,0,0,64,JWTwoSide
947,4by4_cnf/4by4_948.cnf,True,0.0002739999908953905,0,0,64,JWTwoSide
948,4by4_cnf/4by4_949.cnf,True,0.0002536000101827085,0,0,64,JWTwoSide
949,4by4_cnf/4by4_950.cnf,True,0.00023069999588187784,0,0,64,JWTwoSide
950,4by4_cnf/4by4_951.cnf,True,0.00024789999588392675,0,0,64,JWTwoSide
951,4by4_cnf/4by4_952.cnf,True,0.0002589999930933118,0,0,64,JWTwoSide
952,4by4_cnf/4by4_953.cnf,True,0.0002575999969849363,0,0,64,JWTwoSide
953,4by4_cnf/4by4_954.cnf,True,0.0002426999999443069,0,0,64,JWTwoSide
954,4by4_cnf/4by4_955.cnf,True,0.00028220000967849046,0,0,64,JWTwoSide
955,4by4_cnf/4by4_956.cnf,True,0.00024359999224543571,0,0,64,JWTwoSide
956,4by4_cnf/4by4_957.cnf,True,0.0002739000046858564,0,0,64,JWTwoSide
957,4by4_cnf/4by4_958.cnf,True,0.00025180001102853566,0,0,64,JWTwoSide
958,4by4_cnf/4by4_959.cnf,True,0.00023180000425782055,0,0,64,JWTwoSide
959,4by4_cnf/4by4_960.cnf,True,0.0002708999963942915,0,0,64,JWTwoSide
960,4by4_cnf/4by4_961.cnf,True,0.0002629999944474548,0,0,64,JWTwoSide
961,4by4_cnf/4by4_962.cnf,True,0.000268299991148524,0,0,64,JWTwoSide
962,4by4_cnf/4by4_963.cnf,True,0.00023689999943599105,0,0,64,JWTwoSide
963,4by4_cnf/4by4_964.cnf,True,0.00024059999850578606,0,0,64,JWTwoSide
964,4by4_cnf/4by4_965.cnf,True,0.0002825999981723726,0,0,64,JWTwoSide
965,4by4_cnf/4by4_966.cnf,True,0.0002493999927537516,0,0,64,JWTwoSide
966,4by4_cnf/4by4_967.cnf,True,0.00024290000146720558,0,0,64,JWTwoSide
967,4by4_cnf/4by4_968.cnf,True,0.0003133999998681247,0,0,64,JWTwoSide
968,4by4_cnf/4by4_969.cnf,True,0.0003291000030003488,0,0,64,JWTwoSide
969,4by4_cnf/4by4_970.cnf,True,0.00026840000646188855,0,0,64,JWTwoSide
970,4by4_cnf/4by4_971.cnf,True,0.00024220001068897545,0,0,64,JWTwoSide
971,4by4_cnf/4by4_972.cnf,True,0.00024170000688172877,0,0,64,JWTwoSide
972,4by4_cnf/4by4_973.cnf,True,0.0002545000024838373,0,0,64,JWTwoSide
973,4by4_cnf/4by4_974.cnf,True,0.0003068000078201294,0,0,64,JWTwoSide
974,4by4_cnf/4by4_975.cnf,True,0.0002680000034160912,0,0,64,JWTwoSide
975,4by4_cnf/4by4_976.cnf,True,0.0002367999986745417,0,0,64,JWTwoSide
976,4by4_cnf/4by4_977.cnf,True,0.00023099999816622585,0,0,64,JWTwoSide
977,4by4_cnf/4by4_978.cnf,True,0.0002493999927537516,0,0,64,JWTwoSide
978,4by4_cnf/4by4_979.cnf,True,0.00023800000781193376,0,0,64,JWTwoSide
979,4by4_cnf/4by4_980.cnf,True,0.0002767999976640567,0,0,64,JWTwoSide
980,4by4_cnf/4by4_981.cnf,True,0.00025660000392235816,0,0,64,JWTwoSide
981,4by4_cnf/4by4_982.cnf,True,0.0002604000037536025,0,0,64,JWTwoSide
982,4by4_cnf/4by4_983.cnf,True,0.000295000005280599,0,0,64,JWTwoSide
983,4by4_cnf/4by4_984.cnf,True,0.00025969999842345715,0,0,64,JWTwoSide
984,4by4_cnf/4by4_985.cnf,True,0.0002815000043483451,0,0,64,JWTwoSide
985,4by4_cnf/4by4_986.cnf,True,0.00041459999920334667,0,0,64,JWTwoSide
986,4by4_cnf/4by4_987.cnf,True,0.00033379999513272196,0,0,64,JWTwoSide
987,4by4_cnf/4by4_988.cnf,True,0.00042290000419598073,0,0,64,JWTwoSide
988,4by4_cnf/4by4_989.cnf,True,0.0002460999967297539,0,0,64,JWTwoSide
989,4by4_cnf/4by4_990.cnf,True,0.00038640000275336206,0,0,64,JWTwoSide
990,4by4_cnf/4by4_991.cnf,True,0.0002775000029942021,0,0,64,JWTwoSide
991,4by4_cnf/4by4_992.cnf,True,0.000305499997921288,0,0,64,JWTwoSide
992,4by4_cnf/4by4_993.cnf,True,0.00026529999740887433,0,0,64,JWTwoSide
993,4by4_cnf/4by4_994.cnf,True,0.0004383000050438568,0,0,64,JWTwoSide
994,4by4_cnf/4by4_995.cnf,True,0.00024920000578276813,0,0,64,JWTwoSide
995,4by4_cnf/4by4_996.cnf,True,0.00022860000899527222,0,0,64,JWTwoSide
996,4by4_cnf/4by4_997.cnf,True,0.00022840000747237355,0,0,64,JWTwoSide
997,4by4_cnf/4by4_998.cnf,True,0.0002384999970672652,0,0,64,JWTwoSide
998,4by4_cnf/4by4_999.cnf,True,0.00044689999776892364,0,0,64,JWTwoSide
999,4by4_cnf/4by4_1000.cnf,True,0.00037209999572951347,0,0,64,JWTwoSide
