,filename,solvable,time_elapsed,max_depth,backtracks,solved_literals,n_steps,heuristic_used
0,9by9_cnf/9by9_1.cnf,True,0.12928409999994983,17,12,965,30,JWOneSide
1,9by9_cnf/9by9_2.cnf,True,0.05847689999973227,0,0,729,1,JWOneSide
2,9by9_cnf/9by9_3.cnf,True,0.4998755000001438,59,86,3325,193,JWOneSide
3,9by9_cnf/9by9_4.cnf,True,0.06846189999987473,0,0,729,1,JWOneSide
4,9by9_cnf/9by9_5.cnf,True,0.08281839999972362,0,0,729,1,JWOneSide
5,9by9_cnf/9by9_6.cnf,True,0.3996334999997089,54,64,2908,140,JWOneSide
6,9by9_cnf/9by9_7.cnf,True,0.06634290000010878,0,0,729,1,JWOneSide
7,9by9_cnf/9by9_8.cnf,True,0.07999880000033954,0,0,729,1,JWOneSide
8,9by9_cnf/9by9_9.cnf,True,0.08681579999984024,0,0,729,1,JWOneSide
9,9by9_cnf/9by9_10.cnf,True,0.8280177999999978,69,170,5698,373,JWOneSide
10,9by9_cnf/9by9_11.cnf,True,5.725244900000234,92,1411,44916,2834,JWOneSide
11,9by9_cnf/9by9_12.cnf,True,0.07477410000001328,0,0,729,1,JWOneSide
12,9by9_cnf/9by9_13.cnf,True,0.15678829999978916,29,13,1062,43,JWOneSide
13,9by9_cnf/9by9_14.cnf,True,0.23850329999959285,33,27,1578,69,JWOneSide
14,9by9_cnf/9by9_15.cnf,True,0.12298610000016197,24,0,729,25,JWOneSide
15,9by9_cnf/9by9_16.cnf,True,0.4407459999997627,70,90,3244,197,JWOneSide
16,9by9_cnf/9by9_17.cnf,True,0.06560459999991508,0,0,729,1,JWOneSide
17,9by9_cnf/9by9_18.cnf,True,0.09948269999995318,0,0,729,1,JWOneSide
18,9by9_cnf/9by9_19.cnf,True,0.05501659999981712,0,0,729,1,JWOneSide
19,9by9_cnf/9by9_20.cnf,True,0.0740192000002935,0,0,729,1,JWOneSide
20,9by9_cnf/9by9_21.cnf,True,0.07418200000029174,0,0,729,1,JWOneSide
21,9by9_cnf/9by9_22.cnf,True,0.12230559999989055,24,20,1210,45,JWOneSide
22,9by9_cnf/9by9_23.cnf,True,0.5813616000000366,58,133,5102,288,JWOneSide
23,9by9_cnf/9by9_24.cnf,True,0.06549469999981739,0,0,729,1,JWOneSide
24,9by9_cnf/9by9_25.cnf,True,0.11367719999998371,23,16,1072,40,JWOneSide
25,9by9_cnf/9by9_26.cnf,True,0.7725657000000865,46,264,9247,535,JWOneSide
26,9by9_cnf/9by9_27.cnf,True,0.15757159999975556,31,21,1381,53,JWOneSide
27,9by9_cnf/9by9_28.cnf,True,0.7138064000000668,92,72,2935,190,JWOneSide
28,9by9_cnf/9by9_29.cnf,True,0.06755609999981971,0,0,729,1,JWOneSide
29,9by9_cnf/9by9_30.cnf,True,0.05662050000000818,0,0,729,1,JWOneSide
30,9by9_cnf/9by9_31.cnf,True,0.08729960000027859,22,14,1014,37,JWOneSide
31,9by9_cnf/9by9_32.cnf,True,0.05349769999975251,0,0,729,1,JWOneSide
32,9by9_cnf/9by9_33.cnf,True,0.11186019999968266,21,16,1288,38,JWOneSide
33,9by9_cnf/9by9_34.cnf,True,0.06201710000004823,0,0,729,1,JWOneSide
34,9by9_cnf/9by9_35.cnf,True,1.0202720000002046,75,266,9628,535,JWOneSide
35,9by9_cnf/9by9_36.cnf,True,3.3717891000001146,87,770,27013,1557,JWOneSide
36,9by9_cnf/9by9_37.cnf,True,0.06573649999972986,7,4,794,12,JWOneSide
37,9by9_cnf/9by9_38.cnf,True,0.2579335999998875,43,84,2746,176,JWOneSide
38,9by9_cnf/9by9_39.cnf,True,0.050519500000064,0,0,729,1,JWOneSide
39,9by9_cnf/9by9_40.cnf,True,0.1254331000000093,30,29,1655,60,JWOneSide
40,9by9_cnf/9by9_41.cnf,True,11.836358000000018,94,2815,84844,5652,JWOneSide
41,9by9_cnf/9by9_42.cnf,True,0.06085860000030152,0,0,729,1,JWOneSide
42,9by9_cnf/9by9_43.cnf,True,0.06165300000020579,0,0,729,1,JWOneSide
43,9by9_cnf/9by9_44.cnf,True,0.1465954000000238,38,28,1587,67,JWOneSide
44,9by9_cnf/9by9_45.cnf,True,0.4175718000001325,49,96,3541,214,JWOneSide
45,9by9_cnf/9by9_46.cnf,True,0.9728768999998465,75,258,7203,534,JWOneSide
46,9by9_cnf/9by9_47.cnf,True,0.05438820000017586,0,0,729,1,JWOneSide
47,9by9_cnf/9by9_48.cnf,True,0.048814999999649444,0,0,729,1,JWOneSide
48,9by9_cnf/9by9_49.cnf,True,1.6333851999997933,72,410,14963,836,JWOneSide
49,9by9_cnf/9by9_50.cnf,True,0.42013919999999416,64,98,3310,213,JWOneSide
50,9by9_cnf/9by9_51.cnf,True,0.07513529999960156,0,0,729,1,JWOneSide
51,9by9_cnf/9by9_52.cnf,True,0.04785799999990559,0,0,729,1,JWOneSide
52,9by9_cnf/9by9_53.cnf,True,0.16352249999999913,34,25,1585,60,JWOneSide
53,9by9_cnf/9by9_54.cnf,True,0.04570860000012544,0,0,729,1,JWOneSide
54,9by9_cnf/9by9_55.cnf,True,0.3972116999998434,69,81,3185,177,JWOneSide
55,9by9_cnf/9by9_56.cnf,True,0.3047894000001179,68,27,1374,96,JWOneSide
56,9by9_cnf/9by9_57.cnf,True,0.04781559999992169,0,0,729,1,JWOneSide
57,9by9_cnf/9by9_58.cnf,True,0.0555541999997331,0,0,729,1,JWOneSide
58,9by9_cnf/9by9_59.cnf,True,0.4059317999999621,74,58,2482,167,JWOneSide
59,9by9_cnf/9by9_60.cnf,True,1.2411145000000943,96,277,7422,572,JWOneSide
60,9by9_cnf/9by9_61.cnf,True,3.394264699999894,81,857,27637,1718,JWOneSide
61,9by9_cnf/9by9_62.cnf,True,0.04255620000003546,0,0,729,1,JWOneSide
62,9by9_cnf/9by9_63.cnf,True,0.08563989999993282,18,10,970,29,JWOneSide
63,9by9_cnf/9by9_64.cnf,True,0.04948659999990923,0,0,729,1,JWOneSide
64,9by9_cnf/9by9_65.cnf,True,0.058724700000311714,0,0,729,1,JWOneSide
65,9by9_cnf/9by9_66.cnf,True,0.2809723000000304,52,44,2422,122,JWOneSide
66,9by9_cnf/9by9_67.cnf,True,0.044128600000021834,0,0,729,1,JWOneSide
67,9by9_cnf/9by9_68.cnf,True,0.5374149000003854,54,141,4949,308,JWOneSide
68,9by9_cnf/9by9_69.cnf,True,0.05743499999971391,0,0,729,1,JWOneSide
69,9by9_cnf/9by9_70.cnf,True,0.04476969999996072,0,0,729,1,JWOneSide
70,9by9_cnf/9by9_71.cnf,True,1.394475500000226,93,322,8826,675,JWOneSide
71,9by9_cnf/9by9_72.cnf,True,0.20682950000036726,47,37,1657,93,JWOneSide
72,9by9_cnf/9by9_73.cnf,True,0.14254189999974187,42,31,1744,83,JWOneSide
73,9by9_cnf/9by9_74.cnf,True,2.961766300000363,71,873,27082,1763,JWOneSide
74,9by9_cnf/9by9_75.cnf,True,0.056145399999877554,0,0,729,1,JWOneSide
75,9by9_cnf/9by9_76.cnf,True,0.0551581000004262,0,0,729,1,JWOneSide
76,9by9_cnf/9by9_77.cnf,True,0.05915080000022499,0,0,729,1,JWOneSide
77,9by9_cnf/9by9_78.cnf,True,0.051086800000121,0,0,729,1,JWOneSide
78,9by9_cnf/9by9_79.cnf,True,0.4824926000001142,66,122,3966,275,JWOneSide
79,9by9_cnf/9by9_80.cnf,True,0.09646720000000641,25,10,992,36,JWOneSide
80,9by9_cnf/9by9_81.cnf,True,0.794016400000146,74,172,6827,369,JWOneSide
81,9by9_cnf/9by9_82.cnf,True,0.816023800000039,67,195,6650,426,JWOneSide
82,9by9_cnf/9by9_83.cnf,True,0.050128899999890564,0,0,729,1,JWOneSide
83,9by9_cnf/9by9_84.cnf,True,0.5592078999998193,65,152,5052,326,JWOneSide
84,9by9_cnf/9by9_85.cnf,True,0.06884500000023763,0,0,729,1,JWOneSide
85,9by9_cnf/9by9_86.cnf,True,0.08212100000037026,21,16,1158,38,JWOneSide
86,9by9_cnf/9by9_87.cnf,True,0.05619539999997869,11,11,995,23,JWOneSide
87,9by9_cnf/9by9_88.cnf,True,0.04626979999966352,0,0,729,1,JWOneSide
88,9by9_cnf/9by9_89.cnf,True,0.08386079999991125,10,0,729,11,JWOneSide
89,9by9_cnf/9by9_90.cnf,True,0.14520719999973153,30,9,998,40,JWOneSide
90,9by9_cnf/9by9_91.cnf,True,0.3655112999999801,47,92,3683,203,JWOneSide
91,9by9_cnf/9by9_92.cnf,True,0.21914319999996223,53,45,2339,99,JWOneSide
92,9by9_cnf/9by9_93.cnf,True,0.6827428000001419,75,149,4154,306,JWOneSide
93,9by9_cnf/9by9_94.cnf,True,0.04630589999987933,0,0,729,1,JWOneSide
94,9by9_cnf/9by9_95.cnf,True,0.053687300000092364,0,0,729,1,JWOneSide
95,9by9_cnf/9by9_96.cnf,True,0.4803874999997788,54,154,6099,312,JWOneSide
96,9by9_cnf/9by9_97.cnf,True,0.07916869999962728,18,9,1010,28,JWOneSide
97,9by9_cnf/9by9_98.cnf,True,0.1425677000001997,48,28,1524,77,JWOneSide
98,9by9_cnf/9by9_99.cnf,True,0.272653900000023,60,58,2552,130,JWOneSide
99,9by9_cnf/9by9_100.cnf,True,0.054651599999942846,0,0,729,1,JWOneSide
100,9by9_cnf/9by9_101.cnf,True,0.049449600000116334,0,0,729,1,JWOneSide
101,9by9_cnf/9by9_102.cnf,True,0.05430300000034549,0,0,729,1,JWOneSide
102,9by9_cnf/9by9_103.cnf,True,0.3026241000002301,53,52,2291,120,JWOneSide
103,9by9_cnf/9by9_104.cnf,True,0.21838160000015705,42,31,1552,74,JWOneSide
104,9by9_cnf/9by9_105.cnf,True,0.05635919999986072,0,0,729,1,JWOneSide
105,9by9_cnf/9by9_106.cnf,True,0.060306800000034855,0,0,729,1,JWOneSide
106,9by9_cnf/9by9_107.cnf,True,0.07676829999991241,0,0,729,1,JWOneSide
107,9by9_cnf/9by9_108.cnf,True,3.5257950999998684,80,886,26282,1791,JWOneSide
108,9by9_cnf/9by9_109.cnf,True,4.749523399999816,96,1037,32133,2096,JWOneSide
109,9by9_cnf/9by9_110.cnf,True,0.04806030000008832,0,0,729,1,JWOneSide
110,9by9_cnf/9by9_111.cnf,True,0.09198800000012852,24,9,888,34,JWOneSide
111,9by9_cnf/9by9_112.cnf,True,0.06233139999994819,0,0,729,1,JWOneSide
112,9by9_cnf/9by9_113.cnf,True,0.9666176999999152,62,224,7928,455,JWOneSide
113,9by9_cnf/9by9_114.cnf,True,0.06091969999988578,0,0,729,1,JWOneSide
114,9by9_cnf/9by9_115.cnf,True,0.5468119000001934,57,141,4316,286,JWOneSide
115,9by9_cnf/9by9_116.cnf,True,0.07783130000007077,11,4,816,16,JWOneSide
116,9by9_cnf/9by9_117.cnf,True,0.07787019999977929,18,16,1097,35,JWOneSide
117,9by9_cnf/9by9_118.cnf,True,0.04724029999988488,0,0,729,1,JWOneSide
118,9by9_cnf/9by9_119.cnf,True,0.09239069999966887,20,18,1390,39,JWOneSide
119,9by9_cnf/9by9_120.cnf,True,0.1663775999995778,42,49,1981,104,JWOneSide
120,9by9_cnf/9by9_121.cnf,True,0.17200809999985722,35,33,1731,69,JWOneSide
121,9by9_cnf/9by9_122.cnf,True,0.6810461000000032,75,117,4768,260,JWOneSide
122,9by9_cnf/9by9_123.cnf,True,3.4853650000000016,93,746,20479,1513,JWOneSide
123,9by9_cnf/9by9_124.cnf,True,0.18721279999999751,27,19,1401,47,JWOneSide
124,9by9_cnf/9by9_125.cnf,True,0.9073377999998229,69,192,7604,391,JWOneSide
125,9by9_cnf/9by9_126.cnf,True,1.6882258000000547,82,318,11356,673,JWOneSide
126,9by9_cnf/9by9_127.cnf,True,0.05067209999970146,0,0,729,1,JWOneSide
127,9by9_cnf/9by9_128.cnf,True,0.37842300000011164,52,67,2915,151,JWOneSide
128,9by9_cnf/9by9_129.cnf,True,0.32369370000014897,49,65,3062,139,JWOneSide
129,9by9_cnf/9by9_130.cnf,True,0.965857700000015,63,197,7369,414,JWOneSide
130,9by9_cnf/9by9_131.cnf,True,0.1311556999999084,25,22,1232,54,JWOneSide
131,9by9_cnf/9by9_132.cnf,True,0.29892830000017057,46,58,2733,119,JWOneSide
132,9by9_cnf/9by9_133.cnf,True,0.104800300000079,24,12,1026,37,JWOneSide
133,9by9_cnf/9by9_134.cnf,True,0.7661920999998983,65,185,6034,376,JWOneSide
134,9by9_cnf/9by9_135.cnf,True,0.04546299999992698,0,0,729,1,JWOneSide
135,9by9_cnf/9by9_136.cnf,True,0.051745499999924505,0,0,729,1,JWOneSide
136,9by9_cnf/9by9_137.cnf,True,0.21421400000008362,34,28,1477,65,JWOneSide
137,9by9_cnf/9by9_138.cnf,True,0.06901789999983521,0,0,729,1,JWOneSide
138,9by9_cnf/9by9_139.cnf,True,0.14632570000003398,31,22,1381,54,JWOneSide
139,9by9_cnf/9by9_140.cnf,True,0.2647868000003655,39,48,2315,113,JWOneSide
140,9by9_cnf/9by9_141.cnf,True,0.22430759999997463,29,47,1969,97,JWOneSide
141,9by9_cnf/9by9_142.cnf,True,1.0730935999999929,83,229,8276,491,JWOneSide
142,9by9_cnf/9by9_143.cnf,True,0.11829970000007961,25,0,729,26,JWOneSide
143,9by9_cnf/9by9_144.cnf,True,0.20365799999990486,40,49,2087,106,JWOneSide
144,9by9_cnf/9by9_145.cnf,True,0.04497449999962555,0,0,729,1,JWOneSide
145,9by9_cnf/9by9_146.cnf,True,0.6168369000001803,58,161,6630,331,JWOneSide
146,9by9_cnf/9by9_147.cnf,True,0.05425199999990582,0,0,729,1,JWOneSide
147,9by9_cnf/9by9_148.cnf,True,2.216408700000102,75,596,18000,1203,JWOneSide
148,9by9_cnf/9by9_149.cnf,True,0.488033600000108,61,106,4369,226,JWOneSide
149,9by9_cnf/9by9_150.cnf,True,0.066123399999924,0,0,729,1,JWOneSide
150,9by9_cnf/9by9_151.cnf,True,0.04508510000005117,0,0,729,1,JWOneSide
151,9by9_cnf/9by9_152.cnf,True,0.24097160000019358,56,41,2096,98,JWOneSide
152,9by9_cnf/9by9_153.cnf,True,0.12609369999972841,41,18,1230,60,JWOneSide
153,9by9_cnf/9by9_154.cnf,True,0.7158329000003505,59,154,5813,329,JWOneSide
154,9by9_cnf/9by9_155.cnf,True,0.05091480000010051,6,3,788,10,JWOneSide
155,9by9_cnf/9by9_156.cnf,True,0.06266400000004069,0,0,729,1,JWOneSide
156,9by9_cnf/9by9_157.cnf,True,0.8860972000002221,66,189,6140,386,JWOneSide
157,9by9_cnf/9by9_158.cnf,True,1.2718878000000586,70,338,10945,679,JWOneSide
158,9by9_cnf/9by9_159.cnf,True,0.49320650000026944,52,121,4942,258,JWOneSide
159,9by9_cnf/9by9_160.cnf,True,0.06396700000004785,0,0,729,1,JWOneSide
160,9by9_cnf/9by9_161.cnf,True,0.05528610000010303,0,0,729,1,JWOneSide
161,9by9_cnf/9by9_162.cnf,True,0.05701389999967432,0,0,729,1,JWOneSide
162,9by9_cnf/9by9_163.cnf,True,0.04743749999988722,0,0,729,1,JWOneSide
163,9by9_cnf/9by9_164.cnf,True,2.220927500000016,69,615,18134,1251,JWOneSide
164,9by9_cnf/9by9_165.cnf,True,0.0568039999998291,0,0,729,1,JWOneSide
165,9by9_cnf/9by9_166.cnf,True,0.26484560000017154,52,57,2568,126,JWOneSide
166,9by9_cnf/9by9_167.cnf,True,0.3266177999998945,60,61,2753,128,JWOneSide
167,9by9_cnf/9by9_168.cnf,True,0.10643860000027416,28,28,1490,57,JWOneSide
168,9by9_cnf/9by9_169.cnf,True,1.2518463000001248,81,286,12181,590,JWOneSide
169,9by9_cnf/9by9_170.cnf,True,0.05163609999999608,0,0,729,1,JWOneSide
170,9by9_cnf/9by9_171.cnf,True,0.050292200000058074,0,0,729,1,JWOneSide
171,9by9_cnf/9by9_172.cnf,True,0.7302998000000116,61,225,8299,460,JWOneSide
172,9by9_cnf/9by9_173.cnf,True,0.2987450999999055,51,80,3234,176,JWOneSide
173,9by9_cnf/9by9_174.cnf,True,0.0479073999999855,0,0,729,1,JWOneSide
174,9by9_cnf/9by9_175.cnf,True,0.29419229999984964,59,51,2198,130,JWOneSide
175,9by9_cnf/9by9_176.cnf,True,0.09778000000005704,27,30,1526,63,JWOneSide
176,9by9_cnf/9by9_177.cnf,True,0.09361899999976231,20,11,958,32,JWOneSide
177,9by9_cnf/9by9_178.cnf,True,0.26769960000001447,56,64,2738,138,JWOneSide
178,9by9_cnf/9by9_179.cnf,True,0.51297169999998,71,110,4374,232,JWOneSide
179,9by9_cnf/9by9_180.cnf,True,0.04762269999991986,0,0,729,1,JWOneSide
180,9by9_cnf/9by9_181.cnf,True,0.09055430000034903,28,13,1038,42,JWOneSide
181,9by9_cnf/9by9_182.cnf,True,5.278358999999909,88,1339,41577,2683,JWOneSide
182,9by9_cnf/9by9_183.cnf,True,0.06774260000020149,0,0,729,1,JWOneSide
183,9by9_cnf/9by9_184.cnf,True,0.054090999999971245,0,0,729,1,JWOneSide
184,9by9_cnf/9by9_185.cnf,True,0.04560059999994337,0,0,729,1,JWOneSide
185,9by9_cnf/9by9_186.cnf,True,0.24407130000008692,54,42,1970,120,JWOneSide
186,9by9_cnf/9by9_187.cnf,True,0.06318899999996574,0,0,729,1,JWOneSide
187,9by9_cnf/9by9_188.cnf,True,0.13647629999968558,28,30,1414,66,JWOneSide
188,9by9_cnf/9by9_189.cnf,True,0.06594510000013543,0,0,729,1,JWOneSide
189,9by9_cnf/9by9_190.cnf,True,0.2917585999998664,50,88,3272,178,JWOneSide
190,9by9_cnf/9by9_191.cnf,True,7.461013900000125,92,1902,60578,3824,JWOneSide
191,9by9_cnf/9by9_192.cnf,True,0.19883430000027147,34,54,1999,115,JWOneSide
192,9by9_cnf/9by9_193.cnf,True,0.1396340000001146,26,18,1146,56,JWOneSide
193,9by9_cnf/9by9_194.cnf,True,0.11659479999980249,34,14,967,49,JWOneSide
194,9by9_cnf/9by9_195.cnf,True,0.19525120000025709,41,55,2598,118,JWOneSide
195,9by9_cnf/9by9_196.cnf,True,0.0503060999999434,0,0,729,1,JWOneSide
196,9by9_cnf/9by9_197.cnf,True,0.07493789999989531,15,9,996,25,JWOneSide
197,9by9_cnf/9by9_198.cnf,True,0.793087700000342,70,217,7471,445,JWOneSide
198,9by9_cnf/9by9_199.cnf,True,1.1816335000003164,74,338,11411,692,JWOneSide
199,9by9_cnf/9by9_200.cnf,True,1.4533612999998695,83,312,12396,644,JWOneSide
200,9by9_cnf/9by9_201.cnf,True,0.0575303000000531,0,0,729,1,JWOneSide
201,9by9_cnf/9by9_202.cnf,True,0.05044359999965309,0,0,729,1,JWOneSide
202,9by9_cnf/9by9_203.cnf,True,0.1777988000003461,51,28,1472,80,JWOneSide
203,9by9_cnf/9by9_204.cnf,True,0.056335199999921315,0,0,729,1,JWOneSide
204,9by9_cnf/9by9_205.cnf,True,0.06512930000008055,10,7,882,18,JWOneSide
205,9by9_cnf/9by9_206.cnf,True,0.24759229999972376,49,40,1644,97,JWOneSide
206,9by9_cnf/9by9_207.cnf,True,0.12797339999997348,40,19,1205,60,JWOneSide
207,9by9_cnf/9by9_208.cnf,True,0.6035876000000826,77,124,4692,275,JWOneSide
208,9by9_cnf/9by9_209.cnf,True,0.09919769999987693,24,18,1296,43,JWOneSide
209,9by9_cnf/9by9_210.cnf,True,0.13228149999986272,25,29,1548,63,JWOneSide
210,9by9_cnf/9by9_211.cnf,True,0.042799400000149035,0,0,729,1,JWOneSide
211,9by9_cnf/9by9_212.cnf,True,0.768181999999797,66,183,7747,374,JWOneSide
212,9by9_cnf/9by9_213.cnf,True,0.11474429999998392,20,24,1159,59,JWOneSide
213,9by9_cnf/9by9_214.cnf,True,0.1768088000003445,39,52,2434,106,JWOneSide
214,9by9_cnf/9by9_215.cnf,True,0.16907019999962358,42,56,2605,122,JWOneSide
215,9by9_cnf/9by9_216.cnf,True,2.3920413000000735,86,615,18853,1249,JWOneSide
216,9by9_cnf/9by9_217.cnf,True,0.24463029999969876,44,77,2845,170,JWOneSide
217,9by9_cnf/9by9_218.cnf,True,0.05706430000009277,0,0,729,1,JWOneSide
218,9by9_cnf/9by9_219.cnf,True,0.050909199999750854,0,0,729,1,JWOneSide
219,9by9_cnf/9by9_220.cnf,True,0.260545799999818,44,103,3725,217,JWOneSide
220,9by9_cnf/9by9_221.cnf,True,2.208335799999986,80,602,18659,1221,JWOneSide
221,9by9_cnf/9by9_222.cnf,True,0.0453773999997793,0,0,729,1,JWOneSide
222,9by9_cnf/9by9_223.cnf,True,0.06360549999999421,0,0,729,1,JWOneSide
223,9by9_cnf/9by9_224.cnf,True,0.11152919999994992,19,11,867,31,JWOneSide
224,9by9_cnf/9by9_225.cnf,True,0.0483235000001514,0,0,729,1,JWOneSide
225,9by9_cnf/9by9_226.cnf,True,0.0968683000000965,29,17,1245,47,JWOneSide
226,9by9_cnf/9by9_227.cnf,True,0.20184210000024905,39,28,1563,68,JWOneSide
227,9by9_cnf/9by9_228.cnf,True,0.04576330000008966,0,0,729,1,JWOneSide
228,9by9_cnf/9by9_229.cnf,True,0.2964688999995815,46,68,3018,148,JWOneSide
229,9by9_cnf/9by9_230.cnf,True,0.17196540000031746,34,25,1443,60,JWOneSide
230,9by9_cnf/9by9_231.cnf,True,0.1217172000001483,16,13,1093,39,JWOneSide
231,9by9_cnf/9by9_232.cnf,True,0.1616097000000991,45,23,1306,69,JWOneSide
232,9by9_cnf/9by9_233.cnf,True,0.06603029999996579,0,0,729,1,JWOneSide
233,9by9_cnf/9by9_234.cnf,True,0.17978780000021288,45,28,1478,84,JWOneSide
234,9by9_cnf/9by9_235.cnf,True,0.39771639999980835,73,72,3452,168,JWOneSide
235,9by9_cnf/9by9_236.cnf,True,0.04077710000001389,0,0,729,1,JWOneSide
236,9by9_cnf/9by9_237.cnf,True,0.3277616999998827,66,59,2723,126,JWOneSide
237,9by9_cnf/9by9_238.cnf,True,0.06033679999973174,0,0,729,1,JWOneSide
238,9by9_cnf/9by9_239.cnf,True,0.9099794999997357,73,237,8881,496,JWOneSide
239,9by9_cnf/9by9_240.cnf,True,0.07881980000001931,15,14,1187,30,JWOneSide
240,9by9_cnf/9by9_241.cnf,True,0.042247999999744934,0,0,729,1,JWOneSide
241,9by9_cnf/9by9_242.cnf,True,0.06039069999997082,0,0,729,1,JWOneSide
242,9by9_cnf/9by9_243.cnf,True,0.24358639999991283,48,75,2779,158,JWOneSide
243,9by9_cnf/9by9_244.cnf,True,0.3048920999999609,59,70,3233,151,JWOneSide
244,9by9_cnf/9by9_245.cnf,True,1.315744800000175,80,345,11258,703,JWOneSide
245,9by9_cnf/9by9_246.cnf,True,1.2712024000002202,88,315,10927,644,JWOneSide
246,9by9_cnf/9by9_247.cnf,True,0.11914440000009563,31,9,978,41,JWOneSide
247,9by9_cnf/9by9_248.cnf,True,0.04906630000004952,0,0,729,1,JWOneSide
248,9by9_cnf/9by9_249.cnf,True,0.04973530000006576,0,0,729,1,JWOneSide
249,9by9_cnf/9by9_250.cnf,True,0.5231360999996468,69,131,5097,276,JWOneSide
250,9by9_cnf/9by9_251.cnf,True,0.13335280000001148,30,19,1239,50,JWOneSide
251,9by9_cnf/9by9_252.cnf,True,1.3123101999999562,78,361,10390,742,JWOneSide
252,9by9_cnf/9by9_253.cnf,True,0.047302899999976944,0,0,729,1,JWOneSide
253,9by9_cnf/9by9_254.cnf,True,0.41603010000017093,60,94,3716,214,JWOneSide
254,9by9_cnf/9by9_255.cnf,True,0.06033370000022842,7,0,729,8,JWOneSide
255,9by9_cnf/9by9_256.cnf,True,0.2676025999999183,36,72,2734,149,JWOneSide
256,9by9_cnf/9by9_257.cnf,True,0.04486080000015136,0,0,729,1,JWOneSide
257,9by9_cnf/9by9_258.cnf,True,0.059453299999859155,0,0,729,1,JWOneSide
258,9by9_cnf/9by9_259.cnf,True,0.9212376000000404,57,311,11277,638,JWOneSide
259,9by9_cnf/9by9_260.cnf,True,2.959556700000121,88,712,23840,1437,JWOneSide
260,9by9_cnf/9by9_261.cnf,True,0.10936850000007325,24,14,1053,39,JWOneSide
261,9by9_cnf/9by9_262.cnf,True,0.7809261999996124,62,223,8318,461,JWOneSide
262,9by9_cnf/9by9_263.cnf,True,0.32000630000038655,60,58,2284,155,JWOneSide
263,9by9_cnf/9by9_264.cnf,True,0.045798000000104366,0,0,729,1,JWOneSide
264,9by9_cnf/9by9_265.cnf,True,0.09117920000016966,20,8,904,29,JWOneSide
265,9by9_cnf/9by9_266.cnf,True,0.05062129999987519,0,0,729,1,JWOneSide
266,9by9_cnf/9by9_267.cnf,True,0.37328640000032465,72,63,3412,155,JWOneSide
267,9by9_cnf/9by9_268.cnf,True,0.2270809999999983,43,40,2704,84,JWOneSide
268,9by9_cnf/9by9_269.cnf,True,1.6102822000002561,80,431,12716,892,JWOneSide
269,9by9_cnf/9by9_270.cnf,True,0.16417669999964346,42,34,1825,77,JWOneSide
270,9by9_cnf/9by9_271.cnf,True,0.04938319999973828,0,0,729,1,JWOneSide
271,9by9_cnf/9by9_272.cnf,True,0.1237143999996988,26,22,1513,49,JWOneSide
272,9by9_cnf/9by9_273.cnf,True,0.14218520000031276,33,26,1557,60,JWOneSide
273,9by9_cnf/9by9_274.cnf,True,0.054290300000047864,7,5,836,13,JWOneSide
274,9by9_cnf/9by9_275.cnf,True,0.08888780000006591,29,17,1197,47,JWOneSide
275,9by9_cnf/9by9_276.cnf,True,0.047477900000103546,0,0,729,1,JWOneSide
276,9by9_cnf/9by9_277.cnf,True,1.6978198000001612,69,521,18562,1051,JWOneSide
277,9by9_cnf/9by9_278.cnf,True,0.16770180000003165,35,37,1806,86,JWOneSide
278,9by9_cnf/9by9_279.cnf,True,0.05004980000012438,0,0,729,1,JWOneSide
279,9by9_cnf/9by9_280.cnf,True,0.16088859999990746,42,27,1589,70,JWOneSide
280,9by9_cnf/9by9_281.cnf,True,0.5060074000002714,75,98,4383,221,JWOneSide
281,9by9_cnf/9by9_282.cnf,True,0.30732229999966876,77,43,2083,124,JWOneSide
282,9by9_cnf/9by9_283.cnf,True,0.7255015999999159,58,245,9113,497,JWOneSide
283,9by9_cnf/9by9_284.cnf,True,0.117705599999681,22,20,1200,43,JWOneSide
284,9by9_cnf/9by9_285.cnf,True,0.07198509999989255,18,14,1185,33,JWOneSide
285,9by9_cnf/9by9_286.cnf,True,0.04643309999983103,0,0,729,1,JWOneSide
286,9by9_cnf/9by9_287.cnf,True,0.2085439000002225,39,38,1815,88,JWOneSide
287,9by9_cnf/9by9_288.cnf,True,1.6542858000002525,78,419,13958,852,JWOneSide
288,9by9_cnf/9by9_289.cnf,True,0.2817829000000529,49,76,3374,167,JWOneSide
289,9by9_cnf/9by9_290.cnf,True,0.05969809999987774,0,0,729,1,JWOneSide
290,9by9_cnf/9by9_291.cnf,True,0.10713399999985995,26,21,1210,48,JWOneSide
291,9by9_cnf/9by9_292.cnf,True,0.1315442999998595,40,36,1827,77,JWOneSide
292,9by9_cnf/9by9_293.cnf,True,3.592986699999983,89,842,25587,1693,JWOneSide
293,9by9_cnf/9by9_294.cnf,True,0.04493499999989581,0,0,729,1,JWOneSide
294,9by9_cnf/9by9_295.cnf,True,0.07354609999993045,10,8,949,19,JWOneSide
295,9by9_cnf/9by9_296.cnf,True,0.039750200000071345,0,0,729,1,JWOneSide
296,9by9_cnf/9by9_297.cnf,True,0.12067620000016177,28,17,1126,46,JWOneSide
297,9by9_cnf/9by9_298.cnf,True,0.10342839999975695,25,6,888,32,JWOneSide
298,9by9_cnf/9by9_299.cnf,True,0.48748829999976806,70,118,4053,257,JWOneSide
299,9by9_cnf/9by9_300.cnf,True,1.5058392000000822,76,373,14369,747,JWOneSide
300,9by9_cnf/9by9_301.cnf,True,0.09032840000008946,17,9,940,27,JWOneSide
301,9by9_cnf/9by9_302.cnf,True,1.5361726999999519,81,337,11029,682,JWOneSide
302,9by9_cnf/9by9_303.cnf,True,0.04169899999988047,0,0,729,1,JWOneSide
303,9by9_cnf/9by9_304.cnf,True,0.14580849999993006,35,33,1666,75,JWOneSide
304,9by9_cnf/9by9_305.cnf,True,0.13836099999980433,30,27,1577,58,JWOneSide
305,9by9_cnf/9by9_306.cnf,True,0.36269529999981387,65,78,3360,173,JWOneSide
306,9by9_cnf/9by9_307.cnf,True,0.6500488000001496,63,172,6133,356,JWOneSide
307,9by9_cnf/9by9_308.cnf,True,0.10491069999989122,23,14,1134,38,JWOneSide
308,9by9_cnf/9by9_309.cnf,True,0.05327010000019072,0,0,729,1,JWOneSide
309,9by9_cnf/9by9_310.cnf,True,0.12825709999970059,38,13,994,52,JWOneSide
310,9by9_cnf/9by9_311.cnf,True,0.3328240000000733,52,88,3535,190,JWOneSide
311,9by9_cnf/9by9_312.cnf,True,0.27887620000001334,49,61,2845,131,JWOneSide
312,9by9_cnf/9by9_313.cnf,True,0.059258199999931094,0,0,729,1,JWOneSide
313,9by9_cnf/9by9_314.cnf,True,0.2889010999997481,44,91,3512,191,JWOneSide
314,9by9_cnf/9by9_315.cnf,True,0.7005451999998513,60,210,7607,437,JWOneSide
315,9by9_cnf/9by9_316.cnf,True,0.16716989999986254,35,0,729,36,JWOneSide
316,9by9_cnf/9by9_317.cnf,True,0.05430079999996451,0,0,729,1,JWOneSide
317,9by9_cnf/9by9_318.cnf,True,0.055946099999800936,0,0,729,1,JWOneSide
318,9by9_cnf/9by9_319.cnf,True,0.2868392999998832,40,79,3307,163,JWOneSide
319,9by9_cnf/9by9_320.cnf,True,0.4593229000001884,57,144,4138,297,JWOneSide
320,9by9_cnf/9by9_321.cnf,True,0.7074274000001424,61,186,5731,402,JWOneSide
321,9by9_cnf/9by9_322.cnf,True,1.1587209999997867,71,323,9013,650,JWOneSide
322,9by9_cnf/9by9_323.cnf,True,1.1199381000001267,67,375,11717,755,JWOneSide
323,9by9_cnf/9by9_324.cnf,True,0.06026350000001912,0,0,729,1,JWOneSide
324,9by9_cnf/9by9_325.cnf,True,2.3092335000001185,90,592,19644,1201,JWOneSide
325,9by9_cnf/9by9_326.cnf,True,0.6432271000003311,78,149,4355,304,JWOneSide
326,9by9_cnf/9by9_327.cnf,True,0.06559930000003078,11,0,729,12,JWOneSide
327,9by9_cnf/9by9_328.cnf,True,0.10359000000016749,32,21,1167,54,JWOneSide
328,9by9_cnf/9by9_329.cnf,True,0.16236609999987195,42,37,2266,80,JWOneSide
329,9by9_cnf/9by9_330.cnf,True,0.28220520000013494,44,71,3315,145,JWOneSide
330,9by9_cnf/9by9_331.cnf,True,1.0453020999998444,83,216,8687,440,JWOneSide
331,9by9_cnf/9by9_332.cnf,True,0.053241000000070926,0,0,729,1,JWOneSide
332,9by9_cnf/9by9_333.cnf,True,4.085653099999945,88,1013,33019,2048,JWOneSide
333,9by9_cnf/9by9_334.cnf,True,0.04411229999959687,0,0,729,1,JWOneSide
334,9by9_cnf/9by9_335.cnf,True,1.9848959000000832,87,533,16155,1083,JWOneSide
335,9by9_cnf/9by9_336.cnf,True,0.28452729999980875,55,69,3093,154,JWOneSide
336,9by9_cnf/9by9_337.cnf,True,0.2770938000003298,43,82,2851,168,JWOneSide
337,9by9_cnf/9by9_338.cnf,True,0.15994000000000597,40,13,1212,54,JWOneSide
338,9by9_cnf/9by9_339.cnf,True,3.533650399999715,70,889,27820,1794,JWOneSide
339,9by9_cnf/9by9_340.cnf,True,0.11067749999983789,24,13,1031,38,JWOneSide
340,9by9_cnf/9by9_341.cnf,True,0.05341870000029303,0,0,729,1,JWOneSide
341,9by9_cnf/9by9_342.cnf,True,0.11015020000013465,28,23,1279,52,JWOneSide
342,9by9_cnf/9by9_343.cnf,True,0.045932300000004034,0,0,729,1,JWOneSide
343,9by9_cnf/9by9_344.cnf,True,0.06558309999991252,0,0,729,1,JWOneSide
344,9by9_cnf/9by9_345.cnf,True,0.08809210000026724,16,17,1125,35,JWOneSide
345,9by9_cnf/9by9_346.cnf,True,0.048364499999934196,0,0,729,1,JWOneSide
346,9by9_cnf/9by9_347.cnf,True,0.5386077999996814,55,176,6059,363,JWOneSide
347,9by9_cnf/9by9_348.cnf,True,2.771240300000045,97,613,20807,1254,JWOneSide
348,9by9_cnf/9by9_349.cnf,True,0.04485269999986485,0,0,729,1,JWOneSide
349,9by9_cnf/9by9_350.cnf,True,0.04922720000013214,0,0,729,1,JWOneSide
350,9by9_cnf/9by9_351.cnf,True,0.3973117000000457,48,85,3923,193,JWOneSide
351,9by9_cnf/9by9_352.cnf,True,0.16576359999999113,27,25,1643,53,JWOneSide
352,9by9_cnf/9by9_353.cnf,True,0.055651399999987916,0,0,729,1,JWOneSide
353,9by9_cnf/9by9_354.cnf,True,0.04243259999975635,0,0,729,1,JWOneSide
354,9by9_cnf/9by9_355.cnf,True,0.12316650000002483,27,12,1077,40,JWOneSide
355,9by9_cnf/9by9_356.cnf,True,0.11476189999984854,33,19,1266,53,JWOneSide
356,9by9_cnf/9by9_357.cnf,True,0.23517560000027515,37,60,2594,127,JWOneSide
357,9by9_cnf/9by9_358.cnf,True,0.06960800000024392,0,0,729,1,JWOneSide
358,9by9_cnf/9by9_359.cnf,True,0.23354999999992287,37,86,3365,174,JWOneSide
359,9by9_cnf/9by9_360.cnf,True,0.05456899999990128,0,0,729,1,JWOneSide
360,9by9_cnf/9by9_361.cnf,True,0.13267110000015236,37,13,1086,51,JWOneSide
361,9by9_cnf/9by9_362.cnf,True,0.8751115000000027,71,229,8547,480,JWOneSide
362,9by9_cnf/9by9_363.cnf,True,0.049815099999705126,0,0,729,1,JWOneSide
363,9by9_cnf/9by9_364.cnf,True,0.2022314999999253,46,17,1119,64,JWOneSide
364,9by9_cnf/9by9_365.cnf,True,1.2464967000000797,69,301,10609,613,JWOneSide
365,9by9_cnf/9by9_366.cnf,True,0.04477409999981319,0,0,729,1,JWOneSide
366,9by9_cnf/9by9_367.cnf,True,0.14597660000026735,28,0,729,29,JWOneSide
367,9by9_cnf/9by9_368.cnf,True,0.6548705000000155,73,140,5067,307,JWOneSide
368,9by9_cnf/9by9_369.cnf,True,0.10613720000037574,23,16,1042,40,JWOneSide
369,9by9_cnf/9by9_370.cnf,True,0.1743682000001172,35,32,1502,80,JWOneSide
370,9by9_cnf/9by9_371.cnf,True,0.4428608999996868,67,96,3987,200,JWOneSide
371,9by9_cnf/9by9_372.cnf,True,0.054725299999972776,4,3,772,8,JWOneSide
372,9by9_cnf/9by9_373.cnf,True,0.06416909999961717,10,7,897,18,JWOneSide
373,9by9_cnf/9by9_374.cnf,True,0.47170169999981226,70,84,3868,190,JWOneSide
374,9by9_cnf/9by9_375.cnf,True,0.06854619999967326,19,5,811,25,JWOneSide
375,9by9_cnf/9by9_376.cnf,True,0.06198560000029829,0,0,729,1,JWOneSide
376,9by9_cnf/9by9_377.cnf,True,0.36605050000025585,52,83,3547,184,JWOneSide
377,9by9_cnf/9by9_378.cnf,True,0.07312480000018695,0,0,729,1,JWOneSide
378,9by9_cnf/9by9_379.cnf,True,0.04428060000009282,2,2,790,5,JWOneSide
379,9by9_cnf/9by9_380.cnf,True,0.043654500000229746,0,0,729,1,JWOneSide
380,9by9_cnf/9by9_381.cnf,True,0.10143620000008013,25,15,1134,41,JWOneSide
381,9by9_cnf/9by9_382.cnf,True,0.044998399999713,0,0,729,1,JWOneSide
382,9by9_cnf/9by9_383.cnf,True,0.06335290000015448,0,0,729,1,JWOneSide
383,9by9_cnf/9by9_384.cnf,True,0.06170269999984157,0,0,729,1,JWOneSide
384,9by9_cnf/9by9_385.cnf,True,0.14136539999981323,30,15,1200,46,JWOneSide
385,9by9_cnf/9by9_386.cnf,True,0.1445585999999821,41,25,1510,67,JWOneSide
386,9by9_cnf/9by9_387.cnf,True,0.44644439999956376,54,138,4863,289,JWOneSide
387,9by9_cnf/9by9_388.cnf,True,0.5726070999999138,41,216,7471,440,JWOneSide
388,9by9_cnf/9by9_389.cnf,True,0.07529250000015963,0,0,729,1,JWOneSide
389,9by9_cnf/9by9_390.cnf,True,0.559335800000099,63,135,5226,286,JWOneSide
390,9by9_cnf/9by9_391.cnf,True,0.37575520000018514,69,63,2674,166,JWOneSide
391,9by9_cnf/9by9_392.cnf,True,0.16250979999995252,33,24,1489,62,JWOneSide
392,9by9_cnf/9by9_393.cnf,True,1.6395714000000225,88,394,12576,805,JWOneSide
393,9by9_cnf/9by9_394.cnf,True,0.27581640000016705,63,59,2665,145,JWOneSide
394,9by9_cnf/9by9_395.cnf,True,0.17123099999980695,33,33,1627,78,JWOneSide
395,9by9_cnf/9by9_396.cnf,True,0.45109370000000126,59,145,4960,301,JWOneSide
396,9by9_cnf/9by9_397.cnf,True,0.4174027999997634,70,95,2810,221,JWOneSide
397,9by9_cnf/9by9_398.cnf,True,0.04636669999990772,0,0,729,1,JWOneSide
398,9by9_cnf/9by9_399.cnf,True,0.47272679999969114,65,127,4447,261,JWOneSide
399,9by9_cnf/9by9_400.cnf,True,2.4810678999997435,86,617,20105,1267,JWOneSide
400,9by9_cnf/9by9_401.cnf,True,0.05337989999998172,0,0,729,1,JWOneSide
401,9by9_cnf/9by9_402.cnf,True,0.40457229999992705,53,141,4655,288,JWOneSide
402,9by9_cnf/9by9_403.cnf,True,0.08417399999962072,26,17,1173,44,JWOneSide
403,9by9_cnf/9by9_404.cnf,True,0.10042750000002343,26,23,1409,50,JWOneSide
404,9by9_cnf/9by9_405.cnf,True,0.4528573000002325,48,142,4304,302,JWOneSide
405,9by9_cnf/9by9_406.cnf,True,0.46125879999999597,52,125,4464,261,JWOneSide
406,9by9_cnf/9by9_407.cnf,True,0.04153879999967103,0,0,729,1,JWOneSide
407,9by9_cnf/9by9_408.cnf,True,0.07097729999986768,17,14,1223,32,JWOneSide
408,9by9_cnf/9by9_409.cnf,True,0.21799390000023777,40,18,1139,62,JWOneSide
409,9by9_cnf/9by9_410.cnf,True,0.3888818000000356,60,93,3361,204,JWOneSide
410,9by9_cnf/9by9_411.cnf,True,0.07036449999986871,0,0,729,1,JWOneSide
411,9by9_cnf/9by9_412.cnf,True,0.2522398000000976,59,11,1109,71,JWOneSide
412,9by9_cnf/9by9_413.cnf,True,0.06234259999973801,6,3,811,10,JWOneSide
413,9by9_cnf/9by9_414.cnf,True,0.1859948000001168,47,28,1688,76,JWOneSide
414,9by9_cnf/9by9_415.cnf,True,0.624645800000053,52,184,6810,373,JWOneSide
415,9by9_cnf/9by9_416.cnf,True,0.588454400000046,61,184,6662,375,JWOneSide
416,9by9_cnf/9by9_417.cnf,True,0.20069029999967825,50,33,1709,84,JWOneSide
417,9by9_cnf/9by9_418.cnf,True,0.15089960000022984,29,26,1647,56,JWOneSide
418,9by9_cnf/9by9_419.cnf,True,0.8037665999995625,53,223,7551,458,JWOneSide
419,9by9_cnf/9by9_420.cnf,True,0.13558460000012929,39,26,1420,66,JWOneSide
420,9by9_cnf/9by9_421.cnf,True,0.1476278000000093,35,44,2046,92,JWOneSide
421,9by9_cnf/9by9_422.cnf,True,0.2807215000002543,63,26,1474,90,JWOneSide
422,9by9_cnf/9by9_423.cnf,True,0.04967050000004747,3,3,773,7,JWOneSide
423,9by9_cnf/9by9_424.cnf,True,1.114955099999861,82,236,9246,492,JWOneSide
424,9by9_cnf/9by9_425.cnf,True,0.4312826000000314,47,135,5238,283,JWOneSide
425,9by9_cnf/9by9_426.cnf,True,0.10173110000005181,31,8,890,40,JWOneSide
426,9by9_cnf/9by9_427.cnf,True,0.4513646999998855,51,156,5444,332,JWOneSide
427,9by9_cnf/9by9_428.cnf,True,0.039865199999894685,0,0,729,1,JWOneSide
428,9by9_cnf/9by9_429.cnf,True,0.23379790000035428,43,63,2565,139,JWOneSide
429,9by9_cnf/9by9_430.cnf,True,0.08812499999976353,27,21,1216,49,JWOneSide
430,9by9_cnf/9by9_431.cnf,True,0.09493049999991854,32,19,1211,52,JWOneSide
431,9by9_cnf/9by9_432.cnf,True,0.05277559999967707,0,0,729,1,JWOneSide
432,9by9_cnf/9by9_433.cnf,True,0.6219138999999814,48,190,6180,392,JWOneSide
433,9by9_cnf/9by9_434.cnf,True,0.05232059999980265,9,2,785,12,JWOneSide
434,9by9_cnf/9by9_435.cnf,True,0.24552689999973154,33,57,2596,134,JWOneSide
435,9by9_cnf/9by9_436.cnf,True,0.08897939999997106,12,10,967,23,JWOneSide
436,9by9_cnf/9by9_437.cnf,True,0.04218300000002273,0,0,729,1,JWOneSide
437,9by9_cnf/9by9_438.cnf,True,0.18909590000021126,35,24,1540,60,JWOneSide
438,9by9_cnf/9by9_439.cnf,True,0.044416499999897496,0,0,729,1,JWOneSide
439,9by9_cnf/9by9_440.cnf,True,0.07405180000023392,0,0,729,1,JWOneSide
440,9by9_cnf/9by9_441.cnf,True,0.09361249999983556,25,24,1567,50,JWOneSide
441,9by9_cnf/9by9_442.cnf,True,1.3116845999998077,81,372,11971,767,JWOneSide
442,9by9_cnf/9by9_443.cnf,True,3.415709699999752,84,802,27966,1619,JWOneSide
443,9by9_cnf/9by9_444.cnf,True,0.2919121999998424,53,67,3401,136,JWOneSide
444,9by9_cnf/9by9_445.cnf,True,0.4157979999999952,47,123,4940,259,JWOneSide
445,9by9_cnf/9by9_446.cnf,True,0.48025319999987914,55,92,3938,209,JWOneSide
446,9by9_cnf/9by9_447.cnf,True,0.3245722999999998,51,110,4244,224,JWOneSide
447,9by9_cnf/9by9_448.cnf,True,0.054119100000207254,6,4,834,11,JWOneSide
448,9by9_cnf/9by9_449.cnf,True,0.07112400000005437,22,0,729,23,JWOneSide
449,9by9_cnf/9by9_450.cnf,True,0.06857549999995172,0,0,729,1,JWOneSide
450,9by9_cnf/9by9_451.cnf,True,0.9266555999997763,76,258,8466,536,JWOneSide
451,9by9_cnf/9by9_452.cnf,True,4.456331199999568,79,1166,37327,2341,JWOneSide
452,9by9_cnf/9by9_453.cnf,True,0.04025769999998374,0,0,729,1,JWOneSide
453,9by9_cnf/9by9_454.cnf,True,0.19992309999997815,36,63,2884,131,JWOneSide
454,9by9_cnf/9by9_455.cnf,True,0.4238314000003811,56,110,3911,229,JWOneSide
455,9by9_cnf/9by9_456.cnf,True,0.2620563000000402,49,51,2374,120,JWOneSide
456,9by9_cnf/9by9_457.cnf,True,0.8451921000000766,59,223,9053,458,JWOneSide
457,9by9_cnf/9by9_458.cnf,True,0.2269704999998794,54,77,3356,158,JWOneSide
458,9by9_cnf/9by9_459.cnf,True,0.06595550000020012,9,8,912,18,JWOneSide
459,9by9_cnf/9by9_460.cnf,True,0.14940990000013699,35,30,1580,66,JWOneSide
460,9by9_cnf/9by9_461.cnf,True,0.2080540000001747,43,33,1852,77,JWOneSide
461,9by9_cnf/9by9_462.cnf,True,0.06534519999968325,0,0,729,1,JWOneSide
462,9by9_cnf/9by9_463.cnf,True,0.2286444000001211,37,29,1743,67,JWOneSide
463,9by9_cnf/9by9_464.cnf,True,0.5349010999998427,63,96,3495,230,JWOneSide
464,9by9_cnf/9by9_465.cnf,True,0.36343780000015613,49,70,2896,162,JWOneSide
465,9by9_cnf/9by9_466.cnf,True,0.1275869999999486,31,22,1278,54,JWOneSide
466,9by9_cnf/9by9_467.cnf,True,1.4557432000001427,77,338,11665,692,JWOneSide
467,9by9_cnf/9by9_468.cnf,True,0.6636318999999276,65,123,5081,271,JWOneSide
468,9by9_cnf/9by9_469.cnf,True,0.06574910000017553,0,0,729,1,JWOneSide
469,9by9_cnf/9by9_470.cnf,True,0.11941149999984191,24,20,1285,45,JWOneSide
470,9by9_cnf/9by9_471.cnf,True,0.12005249999992884,31,18,1198,50,JWOneSide
471,9by9_cnf/9by9_472.cnf,True,0.10096690000000308,15,7,944,23,JWOneSide
472,9by9_cnf/9by9_473.cnf,True,1.0587281999996776,69,271,8222,559,JWOneSide
473,9by9_cnf/9by9_474.cnf,True,0.4742253999997956,60,109,4246,230,JWOneSide
474,9by9_cnf/9by9_475.cnf,True,0.2645625000000109,36,75,3018,153,JWOneSide
475,9by9_cnf/9by9_476.cnf,True,0.10734169999977894,21,27,1639,55,JWOneSide
476,9by9_cnf/9by9_477.cnf,True,0.17084109999996144,34,21,1333,56,JWOneSide
477,9by9_cnf/9by9_478.cnf,True,0.41409999999996217,62,50,2255,126,JWOneSide
478,9by9_cnf/9by9_479.cnf,True,0.3237426000000596,47,57,2482,128,JWOneSide
479,9by9_cnf/9by9_480.cnf,True,0.05825550000008661,0,0,729,1,JWOneSide
480,9by9_cnf/9by9_481.cnf,True,1.189381400000002,64,277,9786,565,JWOneSide
481,9by9_cnf/9by9_482.cnf,True,1.1024483999999575,72,231,7200,478,JWOneSide
482,9by9_cnf/9by9_483.cnf,True,1.7617000999998709,83,358,12708,749,JWOneSide
483,9by9_cnf/9by9_484.cnf,True,0.10029370000029303,19,10,1068,30,JWOneSide
484,9by9_cnf/9by9_485.cnf,True,0.3583550999996987,71,38,1801,110,JWOneSide
485,9by9_cnf/9by9_486.cnf,True,3.2248151000003418,84,705,24158,1425,JWOneSide
486,9by9_cnf/9by9_487.cnf,True,0.08472470000015164,15,14,1019,30,JWOneSide
487,9by9_cnf/9by9_488.cnf,True,0.14692199999990407,27,23,1365,51,JWOneSide
488,9by9_cnf/9by9_489.cnf,True,0.32948910000004616,61,35,1725,106,JWOneSide
489,9by9_cnf/9by9_490.cnf,True,0.08266689999982191,0,0,729,1,JWOneSide
490,9by9_cnf/9by9_491.cnf,True,0.24568670000007842,41,40,1994,91,JWOneSide
491,9by9_cnf/9by9_492.cnf,True,0.2761881999999787,46,62,2948,129,JWOneSide
492,9by9_cnf/9by9_493.cnf,True,0.06259129999989455,0,0,729,1,JWOneSide
493,9by9_cnf/9by9_494.cnf,True,0.27335420000008526,55,57,2761,139,JWOneSide
494,9by9_cnf/9by9_495.cnf,True,1.7863388000000668,80,412,13104,864,JWOneSide
495,9by9_cnf/9by9_496.cnf,True,0.34442500000022847,60,62,2798,145,JWOneSide
496,9by9_cnf/9by9_497.cnf,True,0.9971209000000272,66,263,9236,533,JWOneSide
497,9by9_cnf/9by9_498.cnf,True,0.06942400000025373,0,0,729,1,JWOneSide
498,9by9_cnf/9by9_499.cnf,True,1.3978099999999358,81,321,11718,656,JWOneSide
499,9by9_cnf/9by9_500.cnf,True,0.13395760000003065,29,14,986,44,JWOneSide
500,9by9_cnf/9by9_501.cnf,True,0.06637679999994361,0,0,729,1,JWOneSide
501,9by9_cnf/9by9_502.cnf,True,0.048883500000101776,0,0,729,1,JWOneSide
502,9by9_cnf/9by9_503.cnf,True,13.165966600000047,83,2981,94235,5983,JWOneSide
503,9by9_cnf/9by9_504.cnf,True,0.5954652000000351,67,114,3975,250,JWOneSide
504,9by9_cnf/9by9_505.cnf,True,0.41951190000008864,56,91,3359,200,JWOneSide
505,9by9_cnf/9by9_506.cnf,True,0.747610700000223,73,153,4656,328,JWOneSide
506,9by9_cnf/9by9_507.cnf,True,0.08027889999993931,14,14,1087,31,JWOneSide
507,9by9_cnf/9by9_508.cnf,True,0.3284504000002926,41,70,3357,142,JWOneSide
508,9by9_cnf/9by9_509.cnf,True,0.06997410000030868,0,0,729,1,JWOneSide
509,9by9_cnf/9by9_510.cnf,True,0.3721466000001783,54,77,3063,182,JWOneSide
510,9by9_cnf/9by9_511.cnf,True,1.1537185000001955,85,249,8168,521,JWOneSide
511,9by9_cnf/9by9_512.cnf,True,0.05425120000018069,0,0,729,1,JWOneSide
512,9by9_cnf/9by9_513.cnf,True,0.0657706999995753,0,0,729,1,JWOneSide
513,9by9_cnf/9by9_514.cnf,True,1.9269622000001618,78,406,15615,817,JWOneSide
514,9by9_cnf/9by9_515.cnf,True,0.6749586000000818,58,192,7696,392,JWOneSide
515,9by9_cnf/9by9_516.cnf,True,0.05332879999969009,0,0,729,1,JWOneSide
516,9by9_cnf/9by9_517.cnf,True,0.2089710999998715,39,40,2093,88,JWOneSide
517,9by9_cnf/9by9_518.cnf,True,0.12626060000002326,28,24,1290,53,JWOneSide
518,9by9_cnf/9by9_519.cnf,True,0.2923632000001817,37,72,3048,151,JWOneSide
519,9by9_cnf/9by9_520.cnf,True,0.1401266000002579,33,25,1451,62,JWOneSide
520,9by9_cnf/9by9_521.cnf,True,0.04208580000022266,0,0,729,1,JWOneSide
521,9by9_cnf/9by9_522.cnf,True,0.09237740000025951,31,3,833,35,JWOneSide
522,9by9_cnf/9by9_523.cnf,True,0.04483650000020134,0,0,729,1,JWOneSide
523,9by9_cnf/9by9_524.cnf,True,0.04426469999998517,0,0,729,1,JWOneSide
524,9by9_cnf/9by9_525.cnf,True,0.04511060000004363,0,0,729,1,JWOneSide
525,9by9_cnf/9by9_526.cnf,True,0.14869379999981902,38,35,1955,74,JWOneSide
526,9by9_cnf/9by9_527.cnf,True,0.04474960000015926,0,0,729,1,JWOneSide
527,9by9_cnf/9by9_528.cnf,True,1.0881156999998893,84,231,8790,483,JWOneSide
528,9by9_cnf/9by9_529.cnf,True,0.5605912999999418,62,145,5411,298,JWOneSide
529,9by9_cnf/9by9_530.cnf,True,0.16332909999982803,35,49,2235,100,JWOneSide
530,9by9_cnf/9by9_531.cnf,True,0.22020470000006753,39,48,2140,103,JWOneSide
531,9by9_cnf/9by9_532.cnf,True,0.20303670000021157,40,31,1791,72,JWOneSide
532,9by9_cnf/9by9_533.cnf,True,0.4335350000001199,65,92,4323,193,JWOneSide
533,9by9_cnf/9by9_534.cnf,True,0.21515439999984665,42,28,1532,71,JWOneSide
534,9by9_cnf/9by9_535.cnf,True,0.08150329999989481,21,14,1090,39,JWOneSide
535,9by9_cnf/9by9_536.cnf,True,0.09115329999985988,8,4,796,13,JWOneSide
536,9by9_cnf/9by9_537.cnf,True,3.2644132999998874,72,696,23376,1393,JWOneSide
537,9by9_cnf/9by9_538.cnf,True,0.1828193999999712,31,34,1781,74,JWOneSide
538,9by9_cnf/9by9_539.cnf,True,0.2090264000003117,39,59,2748,120,JWOneSide
539,9by9_cnf/9by9_540.cnf,True,0.12160229999972216,28,19,1370,48,JWOneSide
540,9by9_cnf/9by9_541.cnf,True,0.1404504000001907,27,21,1384,49,JWOneSide
541,9by9_cnf/9by9_542.cnf,True,0.24124879999999393,43,39,2073,85,JWOneSide
542,9by9_cnf/9by9_543.cnf,True,0.11389809999991485,15,1,753,17,JWOneSide
543,9by9_cnf/9by9_544.cnf,True,0.2391686999999365,51,35,1804,87,JWOneSide
544,9by9_cnf/9by9_545.cnf,True,1.0150614999997742,56,205,6658,416,JWOneSide
545,9by9_cnf/9by9_546.cnf,True,0.21404600000005303,40,19,1159,60,JWOneSide
546,9by9_cnf/9by9_547.cnf,True,0.15928570000005493,28,23,1535,52,JWOneSide
547,9by9_cnf/9by9_548.cnf,True,0.5493268999998691,61,87,3672,177,JWOneSide
548,9by9_cnf/9by9_549.cnf,True,0.7599973999999747,69,117,5067,260,JWOneSide
549,9by9_cnf/9by9_550.cnf,True,0.06540320000021893,8,8,902,17,JWOneSide
550,9by9_cnf/9by9_551.cnf,True,0.9100803000001179,64,187,5282,381,JWOneSide
551,9by9_cnf/9by9_552.cnf,True,0.1881536999999298,27,23,1238,65,JWOneSide
552,9by9_cnf/9by9_553.cnf,True,0.46642249999968044,53,91,3467,194,JWOneSide
553,9by9_cnf/9by9_554.cnf,True,0.09195420000014565,11,8,1029,20,JWOneSide
554,9by9_cnf/9by9_555.cnf,True,0.08521239999981844,5,5,825,11,JWOneSide
555,9by9_cnf/9by9_556.cnf,True,1.7802213999998457,74,326,12175,682,JWOneSide
556,9by9_cnf/9by9_557.cnf,True,0.7132046000001537,58,139,5809,306,JWOneSide
557,9by9_cnf/9by9_558.cnf,True,0.10999889999993684,23,4,794,28,JWOneSide
558,9by9_cnf/9by9_559.cnf,True,0.05329149999988658,0,0,729,1,JWOneSide
559,9by9_cnf/9by9_560.cnf,True,0.050916200000301615,0,0,729,1,JWOneSide
560,9by9_cnf/9by9_561.cnf,True,0.07874089999995704,0,0,729,1,JWOneSide
561,9by9_cnf/9by9_562.cnf,True,0.07272090000014941,0,0,729,1,JWOneSide
562,9by9_cnf/9by9_563.cnf,True,0.9722906000001785,83,138,5361,303,JWOneSide
563,9by9_cnf/9by9_564.cnf,True,0.07275750000007974,0,0,729,1,JWOneSide
564,9by9_cnf/9by9_565.cnf,True,0.5335529000003589,52,110,4243,227,JWOneSide
565,9by9_cnf/9by9_566.cnf,True,0.33538480000015625,45,50,2190,113,JWOneSide
566,9by9_cnf/9by9_567.cnf,True,0.08364190000020244,10,1,763,12,JWOneSide
567,9by9_cnf/9by9_568.cnf,True,0.2665680000000066,48,39,2198,88,JWOneSide
568,9by9_cnf/9by9_569.cnf,True,0.10705280000001949,18,8,920,27,JWOneSide
569,9by9_cnf/9by9_570.cnf,True,0.0639605000001211,0,0,729,1,JWOneSide
570,9by9_cnf/9by9_571.cnf,True,0.4967657000001964,55,99,3671,208,JWOneSide
571,9by9_cnf/9by9_572.cnf,True,0.37275729999964824,61,56,2798,130,JWOneSide
572,9by9_cnf/9by9_573.cnf,True,1.085065400000076,56,230,7313,483,JWOneSide
573,9by9_cnf/9by9_574.cnf,True,0.13745310000012978,26,24,1420,51,JWOneSide
574,9by9_cnf/9by9_575.cnf,True,0.14406499999995503,35,30,1488,66,JWOneSide
575,9by9_cnf/9by9_576.cnf,True,0.7536396000000423,69,110,4295,235,JWOneSide
576,9by9_cnf/9by9_577.cnf,True,0.05595210000001316,0,0,729,1,JWOneSide
577,9by9_cnf/9by9_578.cnf,True,0.5861172999998416,65,101,4015,222,JWOneSide
578,9by9_cnf/9by9_579.cnf,True,0.12253700000019307,17,14,1065,32,JWOneSide
579,9by9_cnf/9by9_580.cnf,True,4.357422300000053,88,998,32946,2013,JWOneSide
580,9by9_cnf/9by9_581.cnf,True,0.18916939999962779,39,5,877,45,JWOneSide
581,9by9_cnf/9by9_582.cnf,True,0.052457800000411225,0,0,729,1,JWOneSide
582,9by9_cnf/9by9_583.cnf,True,0.3977279999999155,50,67,3319,138,JWOneSide
583,9by9_cnf/9by9_584.cnf,True,0.1011567999998988,7,7,879,15,JWOneSide
584,9by9_cnf/9by9_585.cnf,True,0.3889152000001559,65,94,3445,203,JWOneSide
585,9by9_cnf/9by9_586.cnf,True,1.134379699999954,57,287,10104,593,JWOneSide
586,9by9_cnf/9by9_587.cnf,True,0.12725369999998293,25,11,1038,37,JWOneSide
587,9by9_cnf/9by9_588.cnf,True,0.22037269999964337,28,26,2251,55,JWOneSide
588,9by9_cnf/9by9_589.cnf,True,0.22372660000019096,49,33,1914,95,JWOneSide
589,9by9_cnf/9by9_590.cnf,True,0.4684482999996362,54,144,5616,301,JWOneSide
590,9by9_cnf/9by9_591.cnf,True,0.7911598000000595,51,224,8394,454,JWOneSide
591,9by9_cnf/9by9_592.cnf,True,5.523273900000277,92,1102,36353,2233,JWOneSide
592,9by9_cnf/9by9_593.cnf,True,0.05418210000016188,0,0,729,1,JWOneSide
593,9by9_cnf/9by9_594.cnf,True,0.25655430000006163,61,25,1323,87,JWOneSide
594,9by9_cnf/9by9_595.cnf,True,0.17855199999985416,41,51,2663,113,JWOneSide
595,9by9_cnf/9by9_596.cnf,True,0.305989199999658,39,42,2160,100,JWOneSide
596,9by9_cnf/9by9_597.cnf,True,0.05075159999978496,0,0,729,1,JWOneSide
597,9by9_cnf/9by9_598.cnf,True,0.45437429999992673,63,75,3253,162,JWOneSide
598,9by9_cnf/9by9_599.cnf,True,0.1285835999997289,29,13,1082,43,JWOneSide
599,9by9_cnf/9by9_600.cnf,True,0.29556800000000294,56,37,1910,94,JWOneSide
600,9by9_cnf/9by9_601.cnf,True,0.0528892000002088,0,0,729,1,JWOneSide
601,9by9_cnf/9by9_602.cnf,True,0.09195369999997638,15,11,1119,27,JWOneSide
602,9by9_cnf/9by9_603.cnf,True,0.8022682000000714,62,168,7149,366,JWOneSide
603,9by9_cnf/9by9_604.cnf,True,0.13051080000013826,22,21,1209,44,JWOneSide
604,9by9_cnf/9by9_605.cnf,True,0.4526568999999654,53,95,3668,206,JWOneSide
605,9by9_cnf/9by9_606.cnf,True,0.3411105000000134,48,59,2259,146,JWOneSide
606,9by9_cnf/9by9_607.cnf,True,0.4133452999999463,64,47,2474,126,JWOneSide
607,9by9_cnf/9by9_608.cnf,True,0.18220879999989847,26,25,1473,52,JWOneSide
608,9by9_cnf/9by9_609.cnf,True,0.10637569999971674,24,11,982,36,JWOneSide
609,9by9_cnf/9by9_610.cnf,True,0.5638788999999633,65,101,4096,233,JWOneSide
610,9by9_cnf/9by9_611.cnf,True,0.08899719999999434,23,20,1314,44,JWOneSide
611,9by9_cnf/9by9_612.cnf,True,0.1984159999997246,45,15,1207,61,JWOneSide
612,9by9_cnf/9by9_613.cnf,True,0.9720659999998134,65,232,7623,467,JWOneSide
613,9by9_cnf/9by9_614.cnf,True,0.07503399999995963,0,0,729,1,JWOneSide
614,9by9_cnf/9by9_615.cnf,True,1.1591871999999057,68,258,9805,543,JWOneSide
615,9by9_cnf/9by9_616.cnf,True,0.39638109999987137,57,67,2938,148,JWOneSide
616,9by9_cnf/9by9_617.cnf,True,0.20537039999999251,33,28,1354,62,JWOneSide
617,9by9_cnf/9by9_618.cnf,True,0.14162790000000314,34,8,1028,43,JWOneSide
618,9by9_cnf/9by9_619.cnf,True,0.12796069999967585,21,15,1099,37,JWOneSide
619,9by9_cnf/9by9_620.cnf,True,0.37351429999989705,43,95,3594,204,JWOneSide
620,9by9_cnf/9by9_621.cnf,True,0.04708140000002459,0,0,729,1,JWOneSide
621,9by9_cnf/9by9_622.cnf,True,0.3091858999996475,45,51,1991,115,JWOneSide
622,9by9_cnf/9by9_623.cnf,True,0.05880430000024717,0,0,729,1,JWOneSide
623,9by9_cnf/9by9_624.cnf,True,0.639368099999956,57,119,5132,257,JWOneSide
624,9by9_cnf/9by9_625.cnf,True,0.06918390000009822,0,0,729,1,JWOneSide
625,9by9_cnf/9by9_626.cnf,True,0.17108490000009624,32,31,1680,64,JWOneSide
626,9by9_cnf/9by9_627.cnf,True,0.25312990000020363,38,58,2212,126,JWOneSide
627,9by9_cnf/9by9_628.cnf,True,0.10700980000001437,16,4,848,21,JWOneSide
628,9by9_cnf/9by9_629.cnf,True,0.579392000000098,63,124,4635,250,JWOneSide
629,9by9_cnf/9by9_630.cnf,True,0.07439949999979945,0,0,729,1,JWOneSide
630,9by9_cnf/9by9_631.cnf,True,0.34496779999972205,48,49,2244,112,JWOneSide
631,9by9_cnf/9by9_632.cnf,True,0.32825800000000527,53,49,2125,114,JWOneSide
632,9by9_cnf/9by9_633.cnf,True,0.10146129999975528,14,6,860,21,JWOneSide
633,9by9_cnf/9by9_634.cnf,True,0.1820078000000649,35,32,1771,68,JWOneSide
634,9by9_cnf/9by9_635.cnf,True,0.11868790000016816,25,17,1217,43,JWOneSide
635,9by9_cnf/9by9_636.cnf,True,0.05599690000008195,10,10,986,21,JWOneSide
636,9by9_cnf/9by9_637.cnf,True,0.25370340000017677,41,57,2389,128,JWOneSide
637,9by9_cnf/9by9_638.cnf,True,0.15099879999979748,40,31,1825,72,JWOneSide
638,9by9_cnf/9by9_639.cnf,True,0.08274630000005345,23,21,1230,45,JWOneSide
639,9by9_cnf/9by9_640.cnf,True,0.21058380000022225,49,21,1233,71,JWOneSide
640,9by9_cnf/9by9_641.cnf,True,0.4223455000001195,52,79,3359,162,JWOneSide
641,9by9_cnf/9by9_642.cnf,True,0.1376364000002468,34,25,1239,69,JWOneSide
642,9by9_cnf/9by9_643.cnf,True,0.06635770000002594,0,0,729,1,JWOneSide
643,9by9_cnf/9by9_644.cnf,True,0.07714300000043295,0,0,729,1,JWOneSide
644,9by9_cnf/9by9_645.cnf,True,0.07055829999990237,0,0,729,1,JWOneSide
645,9by9_cnf/9by9_646.cnf,True,0.16992000000027474,32,32,1377,79,JWOneSide
646,9by9_cnf/9by9_647.cnf,True,0.13131250000014916,25,19,1163,45,JWOneSide
647,9by9_cnf/9by9_648.cnf,True,2.4293263000004117,68,611,23445,1227,JWOneSide
648,9by9_cnf/9by9_649.cnf,True,1.9525499000001219,81,450,15984,932,JWOneSide
649,9by9_cnf/9by9_650.cnf,True,0.08206540000037421,20,13,1013,34,JWOneSide
650,9by9_cnf/9by9_651.cnf,True,0.0788753000001634,12,10,943,28,JWOneSide
651,9by9_cnf/9by9_652.cnf,True,0.04403520000005301,0,0,729,1,JWOneSide
652,9by9_cnf/9by9_653.cnf,True,0.3794373999999152,49,107,3903,225,JWOneSide
653,9by9_cnf/9by9_654.cnf,True,4.474741699999868,82,1075,36152,2161,JWOneSide
654,9by9_cnf/9by9_655.cnf,True,0.04943060000005062,0,0,729,1,JWOneSide
655,9by9_cnf/9by9_656.cnf,True,4.650057400000151,94,1105,36835,2227,JWOneSide
656,9by9_cnf/9by9_657.cnf,True,0.06527360000018234,0,0,729,1,JWOneSide
657,9by9_cnf/9by9_658.cnf,True,0.6330093999999917,59,144,4823,303,JWOneSide
658,9by9_cnf/9by9_659.cnf,True,0.9912170000002334,75,235,9183,481,JWOneSide
659,9by9_cnf/9by9_660.cnf,True,0.15227790000017194,22,18,1205,41,JWOneSide
660,9by9_cnf/9by9_661.cnf,True,0.11659519999966506,22,9,960,32,JWOneSide
661,9by9_cnf/9by9_662.cnf,True,2.3392261999997572,82,582,18739,1180,JWOneSide
662,9by9_cnf/9by9_663.cnf,True,0.9698656999999002,71,242,10036,496,JWOneSide
663,9by9_cnf/9by9_664.cnf,True,0.2357947000000422,49,58,2554,131,JWOneSide
664,9by9_cnf/9by9_665.cnf,True,0.0538723999998183,0,0,729,1,JWOneSide
665,9by9_cnf/9by9_666.cnf,True,1.0589834000002156,69,249,9231,504,JWOneSide
666,9by9_cnf/9by9_667.cnf,True,0.07785069999999905,17,4,886,22,JWOneSide
667,9by9_cnf/9by9_668.cnf,True,0.38488429999961227,44,119,4652,240,JWOneSide
668,9by9_cnf/9by9_669.cnf,True,0.0695451999999932,19,8,844,28,JWOneSide
669,9by9_cnf/9by9_670.cnf,True,0.11321219999990717,27,18,1167,46,JWOneSide
670,9by9_cnf/9by9_671.cnf,True,0.16866239999990285,35,44,2280,97,JWOneSide
671,9by9_cnf/9by9_672.cnf,True,0.12992299999996249,29,23,1232,53,JWOneSide
672,9by9_cnf/9by9_673.cnf,True,0.07818459999998595,12,0,729,13,JWOneSide
673,9by9_cnf/9by9_674.cnf,True,0.260236900000109,41,44,2280,100,JWOneSide
674,9by9_cnf/9by9_675.cnf,True,0.0895090999997592,16,6,857,23,JWOneSide
675,9by9_cnf/9by9_676.cnf,True,0.8491789999998218,73,168,6812,355,JWOneSide
676,9by9_cnf/9by9_677.cnf,True,0.6289121999998315,81,117,4875,270,JWOneSide
677,9by9_cnf/9by9_678.cnf,True,0.06372919999967053,0,0,729,1,JWOneSide
678,9by9_cnf/9by9_679.cnf,True,1.3402000000000953,67,359,12892,742,JWOneSide
679,9by9_cnf/9by9_680.cnf,True,0.07480940000004921,17,11,975,29,JWOneSide
680,9by9_cnf/9by9_681.cnf,True,0.3578064000002996,54,92,4404,187,JWOneSide
681,9by9_cnf/9by9_682.cnf,True,0.07083130000000892,0,0,729,1,JWOneSide
682,9by9_cnf/9by9_683.cnf,True,0.06002790000002278,0,0,729,1,JWOneSide
683,9by9_cnf/9by9_684.cnf,True,1.556822199999715,83,388,12482,784,JWOneSide
684,9by9_cnf/9by9_685.cnf,True,0.11472199999980148,26,20,1335,47,JWOneSide
685,9by9_cnf/9by9_686.cnf,True,0.24035749999984546,57,39,1730,97,JWOneSide
686,9by9_cnf/9by9_687.cnf,True,5.1391452999996545,93,1253,44887,2525,JWOneSide
687,9by9_cnf/9by9_688.cnf,True,1.1823219999996581,71,299,9902,618,JWOneSide
688,9by9_cnf/9by9_689.cnf,True,0.07946940000010727,18,13,1084,32,JWOneSide
689,9by9_cnf/9by9_690.cnf,True,3.4152933999998822,77,942,30794,1895,JWOneSide
690,9by9_cnf/9by9_691.cnf,True,0.4039421000002221,48,131,5410,264,JWOneSide
691,9by9_cnf/9by9_692.cnf,True,0.2714637999997649,48,57,2503,132,JWOneSide
692,9by9_cnf/9by9_693.cnf,True,0.17292470000029425,52,33,1591,86,JWOneSide
693,9by9_cnf/9by9_694.cnf,True,1.190378199999941,75,307,10909,647,JWOneSide
694,9by9_cnf/9by9_695.cnf,True,1.2244482000000971,69,331,12850,681,JWOneSide
695,9by9_cnf/9by9_696.cnf,True,0.35525509999979477,57,56,2723,151,JWOneSide
696,9by9_cnf/9by9_697.cnf,True,1.0642597000000933,72,260,9248,532,JWOneSide
697,9by9_cnf/9by9_698.cnf,True,0.4631259000002501,77,101,3687,234,JWOneSide
698,9by9_cnf/9by9_699.cnf,True,0.042054300000017975,0,0,729,1,JWOneSide
699,9by9_cnf/9by9_700.cnf,True,0.07633869999972376,20,9,951,30,JWOneSide
700,9by9_cnf/9by9_701.cnf,True,0.22757420000016282,44,43,2718,88,JWOneSide
701,9by9_cnf/9by9_702.cnf,True,1.0908886000001985,73,288,10694,591,JWOneSide
702,9by9_cnf/9by9_703.cnf,True,0.5436221999998452,59,127,5061,259,JWOneSide
703,9by9_cnf/9by9_704.cnf,True,0.4090277000000242,53,90,3345,196,JWOneSide
704,9by9_cnf/9by9_705.cnf,True,0.23999959999991916,43,37,2428,95,JWOneSide
705,9by9_cnf/9by9_706.cnf,True,0.15412359999982073,39,28,1611,68,JWOneSide
706,9by9_cnf/9by9_707.cnf,True,4.431660799999918,73,1120,36592,2250,JWOneSide
707,9by9_cnf/9by9_708.cnf,True,0.04683980000027077,0,0,729,1,JWOneSide
708,9by9_cnf/9by9_709.cnf,True,0.43838670000013735,70,101,4606,218,JWOneSide
709,9by9_cnf/9by9_710.cnf,True,0.21079379999991943,44,57,2809,119,JWOneSide
710,9by9_cnf/9by9_711.cnf,True,0.04654269999991811,0,0,729,1,JWOneSide
711,9by9_cnf/9by9_712.cnf,True,0.12698439999985567,29,24,1760,54,JWOneSide
712,9by9_cnf/9by9_713.cnf,True,0.10912529999995968,29,17,1176,47,JWOneSide
713,9by9_cnf/9by9_714.cnf,True,0.26051619999998366,42,66,3134,147,JWOneSide
714,9by9_cnf/9by9_715.cnf,True,0.06926089999979013,20,15,1151,36,JWOneSide
715,9by9_cnf/9by9_716.cnf,True,0.12766640000018015,32,31,1864,64,JWOneSide
716,9by9_cnf/9by9_717.cnf,True,0.044182399999954214,0,0,729,1,JWOneSide
717,9by9_cnf/9by9_718.cnf,True,0.06552700000020195,0,0,729,1,JWOneSide
718,9by9_cnf/9by9_719.cnf,True,0.28231070000038017,45,56,2734,121,JWOneSide
719,9by9_cnf/9by9_720.cnf,True,0.04697619999978997,0,0,729,1,JWOneSide
720,9by9_cnf/9by9_721.cnf,True,0.19530170000007274,47,28,1686,76,JWOneSide
721,9by9_cnf/9by9_722.cnf,True,0.9553809000003639,56,280,9956,572,JWOneSide
722,9by9_cnf/9by9_723.cnf,True,0.429910800000016,60,89,3658,194,JWOneSide
723,9by9_cnf/9by9_724.cnf,True,0.3355189999997492,60,77,3148,164,JWOneSide
724,9by9_cnf/9by9_725.cnf,True,0.256987200000367,50,34,1824,85,JWOneSide
725,9by9_cnf/9by9_726.cnf,True,0.2682564000001548,68,31,1626,100,JWOneSide
726,9by9_cnf/9by9_727.cnf,True,0.08297579999998561,24,13,1045,38,JWOneSide
727,9by9_cnf/9by9_728.cnf,True,0.20778629999995246,44,46,2441,111,JWOneSide
728,9by9_cnf/9by9_729.cnf,True,0.8996301999995922,60,288,10143,577,JWOneSide
729,9by9_cnf/9by9_730.cnf,True,0.11866319999990083,28,16,1092,45,JWOneSide
730,9by9_cnf/9by9_731.cnf,True,0.7409544000001915,75,163,6457,353,JWOneSide
731,9by9_cnf/9by9_732.cnf,True,0.32715790000020206,59,79,3776,170,JWOneSide
732,9by9_cnf/9by9_733.cnf,True,0.17901380000012068,45,54,2051,118,JWOneSide
733,9by9_cnf/9by9_734.cnf,True,0.31227320000016334,57,75,2753,166,JWOneSide
734,9by9_cnf/9by9_735.cnf,True,1.2264222000003429,70,320,11304,648,JWOneSide
735,9by9_cnf/9by9_736.cnf,True,0.08313369999996212,12,0,729,13,JWOneSide
736,9by9_cnf/9by9_737.cnf,True,0.0923080999996273,25,19,1181,45,JWOneSide
737,9by9_cnf/9by9_738.cnf,True,0.06138629999986733,10,6,865,17,JWOneSide
738,9by9_cnf/9by9_739.cnf,True,0.9681522000000768,72,256,9055,522,JWOneSide
739,9by9_cnf/9by9_740.cnf,True,0.45027740000023186,69,87,3163,208,JWOneSide
740,9by9_cnf/9by9_741.cnf,True,0.21281739999994898,49,35,1955,85,JWOneSide
741,9by9_cnf/9by9_742.cnf,True,0.26931100000001607,50,63,2923,132,JWOneSide
742,9by9_cnf/9by9_743.cnf,True,0.04221610000013243,0,0,729,1,JWOneSide
743,9by9_cnf/9by9_744.cnf,True,0.2133017999999538,51,42,1980,106,JWOneSide
744,9by9_cnf/9by9_745.cnf,True,0.28025739999975485,45,72,2737,152,JWOneSide
745,9by9_cnf/9by9_746.cnf,True,0.16056049999997413,36,49,2316,108,JWOneSide
746,9by9_cnf/9by9_747.cnf,True,1.7942791000000398,73,455,13927,926,JWOneSide
747,9by9_cnf/9by9_748.cnf,True,0.24591959999997925,55,67,3005,149,JWOneSide
748,9by9_cnf/9by9_749.cnf,True,0.6388425000000097,58,138,5487,297,JWOneSide
749,9by9_cnf/9by9_750.cnf,True,1.1845582999999351,77,253,10415,515,JWOneSide
750,9by9_cnf/9by9_751.cnf,True,1.023939000000155,69,283,10629,573,JWOneSide
751,9by9_cnf/9by9_752.cnf,True,0.29408630000034464,51,58,2739,128,JWOneSide
752,9by9_cnf/9by9_753.cnf,True,0.15863850000005186,31,24,1600,56,JWOneSide
753,9by9_cnf/9by9_754.cnf,True,0.5327339000000393,66,137,5160,293,JWOneSide
754,9by9_cnf/9by9_755.cnf,True,0.06212950000008277,0,0,729,1,JWOneSide
755,9by9_cnf/9by9_756.cnf,True,0.33504480000010517,60,61,2818,140,JWOneSide
756,9by9_cnf/9by9_757.cnf,True,0.1904205999999249,45,37,2166,83,JWOneSide
757,9by9_cnf/9by9_758.cnf,True,0.8719132000001082,67,221,7776,449,JWOneSide
758,9by9_cnf/9by9_759.cnf,True,0.80423060000021,59,223,7409,461,JWOneSide
759,9by9_cnf/9by9_760.cnf,True,0.4314363999997113,55,121,4710,247,JWOneSide
760,9by9_cnf/9by9_761.cnf,True,0.33211160000018936,66,59,2378,145,JWOneSide
761,9by9_cnf/9by9_762.cnf,True,0.09430030000021361,26,18,1243,47,JWOneSide
762,9by9_cnf/9by9_763.cnf,True,0.822124199999962,72,217,7056,440,JWOneSide
763,9by9_cnf/9by9_764.cnf,True,3.3773443999998563,88,763,26284,1548,JWOneSide
764,9by9_cnf/9by9_765.cnf,True,0.566725900000165,59,139,5451,279,JWOneSide
765,9by9_cnf/9by9_766.cnf,True,2.6102303000002394,73,661,21892,1328,JWOneSide
766,9by9_cnf/9by9_767.cnf,True,0.10167550000005576,11,9,978,21,JWOneSide
767,9by9_cnf/9by9_768.cnf,True,0.08598029999984647,17,12,999,30,JWOneSide
768,9by9_cnf/9by9_769.cnf,True,0.055654799999956595,0,0,729,1,JWOneSide
769,9by9_cnf/9by9_770.cnf,True,0.23469249999970998,48,48,2070,115,JWOneSide
770,9by9_cnf/9by9_771.cnf,True,0.9233580000000075,70,255,10139,522,JWOneSide
771,9by9_cnf/9by9_772.cnf,True,0.3535226999997576,47,115,4594,236,JWOneSide
772,9by9_cnf/9by9_773.cnf,True,0.3869987000002766,61,114,4798,230,JWOneSide
773,9by9_cnf/9by9_774.cnf,True,0.058209899999837944,0,0,729,1,JWOneSide
774,9by9_cnf/9by9_775.cnf,True,1.151830300000256,63,378,12717,782,JWOneSide
775,9by9_cnf/9by9_776.cnf,True,0.06345039999996516,0,0,729,1,JWOneSide
776,9by9_cnf/9by9_777.cnf,True,1.1759638000003179,72,291,11662,607,JWOneSide
777,9by9_cnf/9by9_778.cnf,True,0.30333139999993364,57,62,2476,150,JWOneSide
778,9by9_cnf/9by9_779.cnf,True,0.16422629999988203,42,28,1537,77,JWOneSide
779,9by9_cnf/9by9_780.cnf,True,0.362739899999724,67,95,4434,206,JWOneSide
780,9by9_cnf/9by9_781.cnf,True,0.6175702999998975,70,152,5518,342,JWOneSide
781,9by9_cnf/9by9_782.cnf,True,0.06738029999996797,14,12,976,27,JWOneSide
782,9by9_cnf/9by9_783.cnf,True,0.3740404000000126,54,107,4661,219,JWOneSide
783,9by9_cnf/9by9_784.cnf,True,0.35396289999971486,73,70,3335,158,JWOneSide
784,9by9_cnf/9by9_785.cnf,True,0.38230680000015127,59,107,4088,225,JWOneSide
785,9by9_cnf/9by9_786.cnf,True,0.41785470000013447,46,120,4831,243,JWOneSide
786,9by9_cnf/9by9_787.cnf,True,0.17480590000013763,35,19,1835,57,JWOneSide
787,9by9_cnf/9by9_788.cnf,True,0.1727974999998878,40,41,1778,96,JWOneSide
788,9by9_cnf/9by9_789.cnf,True,0.3545530000001236,64,59,2845,135,JWOneSide
789,9by9_cnf/9by9_790.cnf,True,0.37788929999987886,83,56,2437,162,JWOneSide
790,9by9_cnf/9by9_791.cnf,True,1.1978630999997222,60,340,10581,686,JWOneSide
791,9by9_cnf/9by9_792.cnf,True,0.04037860000016735,0,0,729,1,JWOneSide
792,9by9_cnf/9by9_793.cnf,True,0.05759230000012394,0,0,729,1,JWOneSide
793,9by9_cnf/9by9_794.cnf,True,0.18471420000014405,41,46,2497,101,JWOneSide
794,9by9_cnf/9by9_795.cnf,True,0.040704400000322494,0,0,729,1,JWOneSide
795,9by9_cnf/9by9_796.cnf,True,0.5867157000002408,60,151,6809,316,JWOneSide
796,9by9_cnf/9by9_797.cnf,True,5.899538499999835,86,1315,43985,2651,JWOneSide
797,9by9_cnf/9by9_798.cnf,True,0.3706568000002335,46,90,3961,190,JWOneSide
798,9by9_cnf/9by9_799.cnf,True,0.06338569999979882,0,0,729,1,JWOneSide
799,9by9_cnf/9by9_800.cnf,True,0.322631999999885,59,66,2558,171,JWOneSide
800,9by9_cnf/9by9_801.cnf,True,0.2659660999997868,51,60,2681,131,JWOneSide
801,9by9_cnf/9by9_802.cnf,True,0.6045288999998775,70,95,4240,210,JWOneSide
802,9by9_cnf/9by9_803.cnf,True,0.9226159999998345,57,190,6265,387,JWOneSide
803,9by9_cnf/9by9_804.cnf,True,5.309224000000086,75,1289,38942,2595,JWOneSide
804,9by9_cnf/9by9_805.cnf,True,0.26712300000008327,38,32,1532,83,JWOneSide
805,9by9_cnf/9by9_806.cnf,True,0.256245300000046,44,79,3371,167,JWOneSide
806,9by9_cnf/9by9_807.cnf,True,0.27076790000000983,42,50,2148,106,JWOneSide
807,9by9_cnf/9by9_808.cnf,True,0.45133880000003046,44,71,3698,147,JWOneSide
808,9by9_cnf/9by9_809.cnf,True,1.2790850000001228,71,232,8866,483,JWOneSide
809,9by9_cnf/9by9_810.cnf,True,2.5560347000000547,82,570,20755,1154,JWOneSide
810,9by9_cnf/9by9_811.cnf,True,0.6806409000000713,54,137,4415,285,JWOneSide
811,9by9_cnf/9by9_812.cnf,True,0.4527364000000489,66,51,2647,124,JWOneSide
812,9by9_cnf/9by9_813.cnf,True,2.093167700000322,82,542,17938,1110,JWOneSide
813,9by9_cnf/9by9_814.cnf,True,0.04885709999962273,0,0,729,1,JWOneSide
814,9by9_cnf/9by9_815.cnf,True,0.053083799999967596,0,0,729,1,JWOneSide
815,9by9_cnf/9by9_816.cnf,True,0.05788110000003144,0,0,729,1,JWOneSide
816,9by9_cnf/9by9_817.cnf,True,0.05161839999982476,0,0,729,1,JWOneSide
817,9by9_cnf/9by9_818.cnf,True,0.10391380000010031,31,27,1397,59,JWOneSide
818,9by9_cnf/9by9_819.cnf,True,0.5157008000001042,79,78,2964,185,JWOneSide
819,9by9_cnf/9by9_820.cnf,True,0.18553750000000946,36,55,2724,118,JWOneSide
820,9by9_cnf/9by9_821.cnf,True,0.8173729999998613,54,253,8394,510,JWOneSide
821,9by9_cnf/9by9_822.cnf,True,0.26597129999981917,44,53,2651,115,JWOneSide
822,9by9_cnf/9by9_823.cnf,True,0.09719459999996616,26,10,1154,37,JWOneSide
823,9by9_cnf/9by9_824.cnf,True,0.5411192999999912,67,142,5488,287,JWOneSide
824,9by9_cnf/9by9_825.cnf,True,2.181678500000089,70,515,17931,1068,JWOneSide
825,9by9_cnf/9by9_826.cnf,True,0.17677800000001298,40,27,1685,68,JWOneSide
826,9by9_cnf/9by9_827.cnf,True,0.047039800000220566,0,0,729,1,JWOneSide
827,9by9_cnf/9by9_828.cnf,True,0.20669440000028771,45,40,2043,99,JWOneSide
828,9by9_cnf/9by9_829.cnf,True,0.6268214000001535,70,155,5576,329,JWOneSide
829,9by9_cnf/9by9_830.cnf,True,0.189900100000159,49,38,2267,88,JWOneSide
830,9by9_cnf/9by9_831.cnf,True,0.4640212999997857,53,124,4625,249,JWOneSide
831,9by9_cnf/9by9_832.cnf,True,0.0737146000001303,0,0,729,1,JWOneSide
832,9by9_cnf/9by9_833.cnf,True,0.10985269999991942,30,22,1373,53,JWOneSide
833,9by9_cnf/9by9_834.cnf,True,0.17610389999981635,41,36,2146,78,JWOneSide
834,9by9_cnf/9by9_835.cnf,True,0.038779299999987416,0,0,729,1,JWOneSide
835,9by9_cnf/9by9_836.cnf,True,5.081311900000401,90,1109,33493,2251,JWOneSide
836,9by9_cnf/9by9_837.cnf,True,0.05066450000003897,0,0,729,1,JWOneSide
837,9by9_cnf/9by9_838.cnf,True,0.9957304999998087,48,152,5895,318,JWOneSide
838,9by9_cnf/9by9_839.cnf,True,0.08842469999990499,0,0,729,1,JWOneSide
839,9by9_cnf/9by9_840.cnf,True,0.9014789000002565,58,92,4137,195,JWOneSide
840,9by9_cnf/9by9_841.cnf,True,0.38932130000011966,19,7,861,27,JWOneSide
841,9by9_cnf/9by9_842.cnf,True,0.5397605000002841,44,29,1802,74,JWOneSide
842,9by9_cnf/9by9_843.cnf,True,1.1056060999999318,56,273,10349,551,JWOneSide
843,9by9_cnf/9by9_844.cnf,True,0.45412020000003395,61,86,4084,179,JWOneSide
844,9by9_cnf/9by9_845.cnf,True,0.9259018999996442,75,237,8563,506,JWOneSide
845,9by9_cnf/9by9_846.cnf,True,0.19460949999984223,41,23,1463,65,JWOneSide
846,9by9_cnf/9by9_847.cnf,True,0.27480019999984506,45,55,2340,118,JWOneSide
847,9by9_cnf/9by9_848.cnf,True,0.1983116000001246,49,54,2727,109,JWOneSide
848,9by9_cnf/9by9_849.cnf,True,0.06895310000027166,0,0,729,1,JWOneSide
849,9by9_cnf/9by9_850.cnf,True,0.9733293999997841,63,220,8636,451,JWOneSide
850,9by9_cnf/9by9_851.cnf,True,0.32700260000001435,44,81,3223,179,JWOneSide
851,9by9_cnf/9by9_852.cnf,True,0.752538100000038,71,224,6401,459,JWOneSide
852,9by9_cnf/9by9_853.cnf,True,0.06645230000003721,17,10,1062,28,JWOneSide
853,9by9_cnf/9by9_854.cnf,True,0.07798020000018369,25,8,926,34,JWOneSide
854,9by9_cnf/9by9_855.cnf,True,0.16674779999993916,42,28,1667,71,JWOneSide
855,9by9_cnf/9by9_856.cnf,True,0.20828640000036103,52,33,1747,86,JWOneSide
856,9by9_cnf/9by9_857.cnf,True,0.11911529999997583,32,26,1401,59,JWOneSide
857,9by9_cnf/9by9_858.cnf,True,3.2409019000001535,84,792,29600,1592,JWOneSide
858,9by9_cnf/9by9_859.cnf,True,0.2141842999999426,40,29,1806,70,JWOneSide
859,9by9_cnf/9by9_860.cnf,True,0.4077462000000196,53,86,3868,181,JWOneSide
860,9by9_cnf/9by9_861.cnf,True,0.22016419999999925,42,49,2197,107,JWOneSide
861,9by9_cnf/9by9_862.cnf,True,1.0922669000001406,66,322,10774,646,JWOneSide
862,9by9_cnf/9by9_863.cnf,True,0.46036499999991065,52,130,4797,268,JWOneSide
863,9by9_cnf/9by9_864.cnf,True,0.10677080000004935,25,17,1251,43,JWOneSide
864,9by9_cnf/9by9_865.cnf,True,0.2911344999997709,50,74,2857,159,JWOneSide
865,9by9_cnf/9by9_866.cnf,True,1.4875946000001932,74,355,11678,718,JWOneSide
866,9by9_cnf/9by9_867.cnf,True,0.19085800000038944,38,65,2729,139,JWOneSide
867,9by9_cnf/9by9_868.cnf,True,0.45247930000005,56,131,4923,277,JWOneSide
868,9by9_cnf/9by9_869.cnf,True,0.17057999999997264,45,23,1251,69,JWOneSide
869,9by9_cnf/9by9_870.cnf,True,0.2405788000000939,46,61,2256,128,JWOneSide
870,9by9_cnf/9by9_871.cnf,True,0.14484379999976227,34,19,1169,54,JWOneSide
871,9by9_cnf/9by9_872.cnf,True,0.19072700000015175,39,29,1827,69,JWOneSide
872,9by9_cnf/9by9_873.cnf,True,0.5627954000001409,62,169,6171,348,JWOneSide
873,9by9_cnf/9by9_874.cnf,True,0.14615349999985483,35,46,2041,98,JWOneSide
874,9by9_cnf/9by9_875.cnf,True,0.21903040000006513,43,49,2659,100,JWOneSide
875,9by9_cnf/9by9_876.cnf,True,0.5101239000000533,69,91,3908,196,JWOneSide
876,9by9_cnf/9by9_877.cnf,True,0.27092440000024,56,62,2858,133,JWOneSide
877,9by9_cnf/9by9_878.cnf,True,0.19781460000012885,42,41,2083,99,JWOneSide
878,9by9_cnf/9by9_879.cnf,True,0.05704349999996339,12,6,888,19,JWOneSide
879,9by9_cnf/9by9_880.cnf,True,0.17081789999974717,40,28,1360,69,JWOneSide
880,9by9_cnf/9by9_881.cnf,True,0.5287052999997286,39,147,6292,306,JWOneSide
881,9by9_cnf/9by9_882.cnf,True,1.2522963000001255,73,356,12108,722,JWOneSide
882,9by9_cnf/9by9_883.cnf,True,0.08279850000008082,21,15,1079,37,JWOneSide
883,9by9_cnf/9by9_884.cnf,True,0.13419920000023922,36,21,1178,58,JWOneSide
884,9by9_cnf/9by9_885.cnf,True,0.04124899999987974,0,0,729,1,JWOneSide
885,9by9_cnf/9by9_886.cnf,True,0.22739160000037373,53,32,1751,86,JWOneSide
886,9by9_cnf/9by9_887.cnf,True,0.7447220000003654,61,250,8948,501,JWOneSide
887,9by9_cnf/9by9_888.cnf,True,0.06416909999961717,0,0,729,1,JWOneSide
888,9by9_cnf/9by9_889.cnf,True,0.23775360000036017,50,67,2511,147,JWOneSide
889,9by9_cnf/9by9_890.cnf,True,0.10936510000010458,37,13,1080,51,JWOneSide
890,9by9_cnf/9by9_891.cnf,True,0.6996040999997604,54,207,8481,437,JWOneSide
891,9by9_cnf/9by9_892.cnf,True,0.10356420000016442,25,10,1259,36,JWOneSide
892,9by9_cnf/9by9_893.cnf,True,0.17713600000024599,45,33,1926,79,JWOneSide
893,9by9_cnf/9by9_894.cnf,True,0.164099300000089,41,30,1858,72,JWOneSide
894,9by9_cnf/9by9_895.cnf,True,0.2033025999999154,48,40,2481,89,JWOneSide
895,9by9_cnf/9by9_896.cnf,True,2.0454408000000512,60,557,20339,1128,JWOneSide
896,9by9_cnf/9by9_897.cnf,True,0.841306099999656,74,226,8097,466,JWOneSide
897,9by9_cnf/9by9_898.cnf,True,0.1688029000001734,45,23,1399,69,JWOneSide
898,9by9_cnf/9by9_899.cnf,True,0.04759890000013911,0,0,729,1,JWOneSide
899,9by9_cnf/9by9_900.cnf,True,0.106556300000193,23,17,1177,41,JWOneSide
900,9by9_cnf/9by9_901.cnf,True,0.20288669999990816,40,37,1822,90,JWOneSide
901,9by9_cnf/9by9_902.cnf,True,0.3849402000000737,57,115,4547,236,JWOneSide
902,9by9_cnf/9by9_903.cnf,True,2.371761200000037,77,573,19921,1154,JWOneSide
903,9by9_cnf/9by9_904.cnf,True,0.938937000000351,61,248,7107,525,JWOneSide
904,9by9_cnf/9by9_905.cnf,True,2.345483200000217,73,518,19362,1060,JWOneSide
905,9by9_cnf/9by9_906.cnf,True,0.44172690000004877,79,60,2202,161,JWOneSide
906,9by9_cnf/9by9_907.cnf,True,0.7378191000002516,69,166,5631,348,JWOneSide
907,9by9_cnf/9by9_908.cnf,True,0.4170140999999603,53,98,4102,220,JWOneSide
908,9by9_cnf/9by9_909.cnf,True,0.16079320000017105,37,33,1952,71,JWOneSide
909,9by9_cnf/9by9_910.cnf,True,1.0913418000000092,54,321,11258,644,JWOneSide
910,9by9_cnf/9by9_911.cnf,True,0.35840650000000096,54,85,4105,172,JWOneSide
911,9by9_cnf/9by9_912.cnf,True,0.2794494999998278,45,85,3727,171,JWOneSide
912,9by9_cnf/9by9_913.cnf,True,0.18671089999998003,39,21,1198,61,JWOneSide
913,9by9_cnf/9by9_914.cnf,True,0.5014098000001468,57,146,5927,296,JWOneSide
914,9by9_cnf/9by9_915.cnf,True,0.3043814999996357,54,51,2428,106,JWOneSide
915,9by9_cnf/9by9_916.cnf,True,0.3517165000002933,59,31,1462,91,JWOneSide
916,9by9_cnf/9by9_917.cnf,True,0.07512469999983296,0,0,729,1,JWOneSide
917,9by9_cnf/9by9_918.cnf,True,0.15759710000020277,32,42,1881,86,JWOneSide
918,9by9_cnf/9by9_919.cnf,True,0.044413300000087474,0,0,729,1,JWOneSide
919,9by9_cnf/9by9_920.cnf,True,0.49380729999984396,66,124,5365,264,JWOneSide
920,9by9_cnf/9by9_921.cnf,True,0.09940689999984897,20,19,1297,48,JWOneSide
921,9by9_cnf/9by9_922.cnf,True,0.5968895999999404,66,153,5710,315,JWOneSide
922,9by9_cnf/9by9_923.cnf,True,0.13721429999986867,34,29,1617,64,JWOneSide
923,9by9_cnf/9by9_924.cnf,True,1.8792100999999093,75,451,16144,923,JWOneSide
924,9by9_cnf/9by9_925.cnf,True,0.3030652999996164,69,24,1449,94,JWOneSide
925,9by9_cnf/9by9_926.cnf,True,0.06304599999975835,9,7,970,17,JWOneSide
926,9by9_cnf/9by9_927.cnf,True,0.23450929999989967,39,59,3032,123,JWOneSide
927,9by9_cnf/9by9_928.cnf,True,0.1749997000001713,51,23,1362,75,JWOneSide
928,9by9_cnf/9by9_929.cnf,True,0.29123550000031173,57,65,3128,150,JWOneSide
929,9by9_cnf/9by9_930.cnf,True,0.07515050000029078,16,6,834,23,JWOneSide
930,9by9_cnf/9by9_931.cnf,True,0.3485561000002235,58,84,3917,172,JWOneSide
931,9by9_cnf/9by9_932.cnf,True,0.6635483999998542,61,186,6594,375,JWOneSide
932,9by9_cnf/9by9_933.cnf,True,0.42499210000005405,52,143,5256,296,JWOneSide
933,9by9_cnf/9by9_934.cnf,True,0.46891279999999824,62,115,5210,249,JWOneSide
934,9by9_cnf/9by9_935.cnf,True,0.38579540000000634,63,51,2283,145,JWOneSide
935,9by9_cnf/9by9_936.cnf,True,0.1908766999999898,52,46,2424,99,JWOneSide
936,9by9_cnf/9by9_937.cnf,True,0.11847219999981462,33,16,1168,50,JWOneSide
937,9by9_cnf/9by9_938.cnf,True,0.036784800000077666,0,0,729,1,JWOneSide
938,9by9_cnf/9by9_939.cnf,True,0.8882816999998795,73,262,9774,530,JWOneSide
939,9by9_cnf/9by9_940.cnf,True,0.09864500000003318,27,18,1080,46,JWOneSide
940,9by9_cnf/9by9_941.cnf,True,0.575794599999881,65,177,5550,371,JWOneSide
941,9by9_cnf/9by9_942.cnf,True,0.31748590000006516,67,38,1875,106,JWOneSide
942,9by9_cnf/9by9_943.cnf,True,0.04453140000032363,0,0,729,1,JWOneSide
943,9by9_cnf/9by9_944.cnf,True,0.8416211000003386,59,255,8680,528,JWOneSide
944,9by9_cnf/9by9_945.cnf,True,0.6360629000000699,64,181,5769,394,JWOneSide
945,9by9_cnf/9by9_946.cnf,True,0.04370710000011968,0,0,729,1,JWOneSide
946,9by9_cnf/9by9_947.cnf,True,0.3443742999997994,59,79,4376,166,JWOneSide
947,9by9_cnf/9by9_948.cnf,True,0.18101720000004207,46,31,1806,78,JWOneSide
948,9by9_cnf/9by9_949.cnf,True,2.860521499999777,76,755,26153,1534,JWOneSide
949,9by9_cnf/9by9_950.cnf,True,0.05120809999971243,0,0,729,1,JWOneSide
950,9by9_cnf/9by9_951.cnf,True,0.3634482000002208,44,125,4888,260,JWOneSide
951,9by9_cnf/9by9_952.cnf,True,0.7287761999996292,60,258,7803,526,JWOneSide
952,9by9_cnf/9by9_953.cnf,True,0.693945900000017,61,219,7288,449,JWOneSide
953,9by9_cnf/9by9_954.cnf,True,0.2921129999999721,56,78,3794,171,JWOneSide
954,9by9_cnf/9by9_955.cnf,True,0.30369599999994534,58,70,3270,154,JWOneSide
955,9by9_cnf/9by9_956.cnf,True,0.27298209999980827,67,33,1819,101,JWOneSide
956,9by9_cnf/9by9_957.cnf,True,0.4604397999996763,61,108,4095,240,JWOneSide
957,9by9_cnf/9by9_958.cnf,True,0.08623380000017278,23,15,1181,39,JWOneSide
958,9by9_cnf/9by9_959.cnf,True,0.14578720000008616,44,33,1903,78,JWOneSide
959,9by9_cnf/9by9_960.cnf,True,0.1893886000002567,35,45,2081,103,JWOneSide
960,9by9_cnf/9by9_961.cnf,True,0.35824890000003506,49,96,3941,215,JWOneSide
961,9by9_cnf/9by9_962.cnf,True,0.7133433999997578,54,222,7506,465,JWOneSide
962,9by9_cnf/9by9_963.cnf,True,0.09388480000006894,23,3,814,27,JWOneSide
963,9by9_cnf/9by9_964.cnf,True,0.5954030999996576,72,171,5373,368,JWOneSide
964,9by9_cnf/9by9_965.cnf,True,0.2969167000001107,39,113,4791,233,JWOneSide
965,9by9_cnf/9by9_966.cnf,True,0.272999400000117,64,32,1713,97,JWOneSide
966,9by9_cnf/9by9_967.cnf,True,0.9712018000000171,68,283,11646,589,JWOneSide
967,9by9_cnf/9by9_968.cnf,True,0.10013500000013664,22,17,1271,40,JWOneSide
968,9by9_cnf/9by9_969.cnf,True,0.5762096999997084,53,213,7494,436,JWOneSide
969,9by9_cnf/9by9_970.cnf,True,0.721170699999675,60,249,8680,503,JWOneSide
970,9by9_cnf/9by9_971.cnf,True,0.584907899999962,56,153,6526,327,JWOneSide
971,9by9_cnf/9by9_972.cnf,True,0.22235659999978452,41,70,3796,142,JWOneSide
972,9by9_cnf/9by9_973.cnf,True,0.4437089000002743,62,102,4506,226,JWOneSide
973,9by9_cnf/9by9_974.cnf,True,0.1702394000003551,53,25,1473,79,JWOneSide
974,9by9_cnf/9by9_975.cnf,True,0.9971482000000833,73,279,9950,574,JWOneSide
975,9by9_cnf/9by9_976.cnf,True,0.2243519999997261,47,49,2181,115,JWOneSide
976,9by9_cnf/9by9_977.cnf,True,0.1719970999997713,46,21,1188,68,JWOneSide
977,9by9_cnf/9by9_978.cnf,True,0.17077190000009068,43,60,2164,121,JWOneSide
978,9by9_cnf/9by9_979.cnf,True,0.3810493000000861,76,53,2217,148,JWOneSide
979,9by9_cnf/9by9_980.cnf,True,0.1002081999999973,27,22,1492,50,JWOneSide
980,9by9_cnf/9by9_981.cnf,True,0.9648810000003323,81,275,8823,570,JWOneSide
981,9by9_cnf/9by9_982.cnf,True,2.2039638999999625,71,606,22679,1227,JWOneSide
982,9by9_cnf/9by9_983.cnf,True,0.23563060000014957,51,36,1615,103,JWOneSide
983,9by9_cnf/9by9_984.cnf,True,0.7897868999998536,75,163,6877,345,JWOneSide
984,9by9_cnf/9by9_985.cnf,True,0.1142149000002064,30,21,1366,52,JWOneSide
985,9by9_cnf/9by9_986.cnf,True,0.35193329999992784,51,107,4277,221,JWOneSide
986,9by9_cnf/9by9_987.cnf,True,0.06325059999971927,19,14,1166,34,JWOneSide
987,9by9_cnf/9by9_988.cnf,True,0.43603689999963535,61,98,4369,206,JWOneSide
988,9by9_cnf/9by9_989.cnf,True,0.13140969999994923,36,30,1696,67,JWOneSide
989,9by9_cnf/9by9_990.cnf,True,1.0499856999999793,68,288,10110,597,JWOneSide
990,9by9_cnf/9by9_991.cnf,True,0.0760427999998683,0,0,729,1,JWOneSide
991,9by9_cnf/9by9_992.cnf,True,2.3349954000000253,75,783,29104,1581,JWOneSide
992,9by9_cnf/9by9_993.cnf,True,0.15883320000011736,43,26,1424,70,JWOneSide
993,9by9_cnf/9by9_994.cnf,True,0.19881069999973988,37,41,2127,103,JWOneSide
994,9by9_cnf/9by9_995.cnf,True,0.5079298999999082,71,115,5430,248,JWOneSide
995,9by9_cnf/9by9_996.cnf,True,0.12374570000019958,28,17,1208,46,JWOneSide
996,9by9_cnf/9by9_997.cnf,True,0.15843229999973119,47,30,1435,78,JWOneSide
997,9by9_cnf/9by9_998.cnf,True,0.20635189999984505,47,41,2111,103,JWOneSide
998,9by9_cnf/9by9_999.cnf,True,0.10494580000022324,20,11,1055,32,JWOneSide
999,9by9_cnf/9by9_1000.cnf,True,0.5493738999998641,58,171,6175,346,JWOneSide
1000,9by9_cnf/9by9_1001.cnf,True,0.5238920999995571,61,139,4860,292,JWOneSide
1001,9by9_cnf/9by9_1002.cnf,True,1.148982100000012,74,379,13432,771,JWOneSide
1002,9by9_cnf/9by9_1003.cnf,True,0.5227202000000943,66,136,5644,273,JWOneSide
1003,9by9_cnf/9by9_1004.cnf,True,0.164022500000101,38,38,2039,87,JWOneSide
1004,9by9_cnf/9by9_1005.cnf,True,0.13982839999971475,37,25,1439,69,JWOneSide
1005,9by9_cnf/9by9_1006.cnf,True,0.1811600000000908,39,49,2092,108,JWOneSide
1006,9by9_cnf/9by9_1007.cnf,True,0.23967940000011367,42,72,3055,153,JWOneSide
1007,9by9_cnf/9by9_1008.cnf,True,0.05655739999974685,0,0,729,1,JWOneSide
1008,9by9_cnf/9by9_1009.cnf,True,0.11298830000032467,29,27,1690,57,JWOneSide
1009,9by9_cnf/9by9_1010.cnf,True,0.10622639999974126,32,6,859,39,JWOneSide
1010,9by9_cnf/9by9_1011.cnf,True,0.6586859999997614,69,239,8766,494,JWOneSide
